\set ON_ERROR_STOP on

BEGIN;

-- defer all foreign key checks until transaction commit
SET CONSTRAINTS ALL DEFERRED;

-- ================================
-- Truncate tables
-- ================================
TRUNCATE TABLE 
  users,
  sessions,
  contacts,
  order_items,
  orders,
  contracts,
  approvals,
  approval_config_business,
  approval_config,
  purchase_request_items,
  purchase_requests,
  cart_items
CASCADE;

ALTER SEQUENCE IF EXISTS users_id_seq RESTART WITH 1;
ALTER SEQUENCE IF EXISTS sessions_id_seq RESTART WITH 1;
ALTER SEQUENCE IF EXISTS contacts_id_seq RESTART WITH 1;
ALTER SEQUENCE IF EXISTS orders_id_seq RESTART WITH 1;
ALTER SEQUENCE IF EXISTS order_items_id_seq RESTART WITH 1;
ALTER SEQUENCE IF EXISTS contracts_id_seq RESTART WITH 1;
ALTER SEQUENCE IF EXISTS approvals_id_seq RESTART WITH 1;
ALTER SEQUENCE IF EXISTS approval_config_id_seq RESTART WITH 1;
ALTER SEQUENCE IF EXISTS approval_config_business_id_seq RESTART WITH 1;
ALTER SEQUENCE IF EXISTS purchase_requests_id_seq RESTART WITH 1;
ALTER SEQUENCE IF EXISTS purchase_request_items_id_seq RESTART WITH 1;
ALTER SEQUENCE IF EXISTS cart_items_id_seq RESTART WITH 1;

-- ================================
-- Disable triggers (foreign key checks) for all tables
-- ================================
ALTER TABLE users DISABLE TRIGGER ALL;
ALTER TABLE sessions DISABLE TRIGGER ALL;
ALTER TABLE contacts DISABLE TRIGGER ALL;
ALTER TABLE order_items DISABLE TRIGGER ALL;
ALTER TABLE orders DISABLE TRIGGER ALL;
ALTER TABLE contracts DISABLE TRIGGER ALL;
ALTER TABLE approvals DISABLE TRIGGER ALL;
ALTER TABLE approval_config_business DISABLE TRIGGER ALL;
ALTER TABLE approval_config DISABLE TRIGGER ALL;
ALTER TABLE purchase_request_items DISABLE TRIGGER ALL;
ALTER TABLE purchase_requests DISABLE TRIGGER ALL;
ALTER TABLE cart_items DISABLE TRIGGER ALL;



--business
INSERT INTO business (business_name, business_email, business_phone, business_address)
VALUES
('TechNova Solutions', 'info@technova.com', '+91-9876543210', 'Bangalore, India'),
('GreenLeaf Traders', 'contact@greenleaf.com', '+91-9922334455', 'Pune, India'),
('BlueWave Logistics', 'support@bluewave.com', '+91-9812345678', 'Mumbai, India'),
('AlphaConstruct Pvt Ltd', 'hello@alphaconstruct.com', '+91-9001122233', 'Delhi, India'),
('BrightEdge Consulting', 'sales@brightedge.com', '+91-9988776655', 'Hyderabad, India'),
('NextGen Retailers', 'contact@nextgen.com', '+91-9765432109', 'Chennai, India'),
('SkyHigh Travels', 'bookings@skyhigh.com', '+91-9876501234', 'Kolkata, India'),
('AgriGrow Enterprises', 'info@agrigrow.com', '+91-9123456789', 'Nagpur, India'),
('MediCore Pharma', 'admin@medicore.com', '+91-9988771122', 'Ahmedabad, India'),
('DataBridge Analytics', 'team@databridge.com', '+91-9090909090', 'Bangalore, India'),
('UrbanNest Interiors', 'info@urbannest.com', '+91-9876567890', 'Delhi, India'),
('SolarEdge Renewables', 'energy@solaredge.com', '+91-9456781234', 'Chandigarh, India'),
('CodeCraft Labs', 'hello@codecraft.com', '+91-9911223344', 'Pune, India'),
('PeakPoint Finance', 'support@peakpoint.com', '+91-9822011223', 'Mumbai, India'),
('AquaPure Systems', 'info@aquapure.com', '+91-9765432189', 'Hyderabad, India');

--users
INSERT INTO users (name, email, password_hash, role, group_name, business_id)
VALUES
('Suraj Prasad', 'suraj@technova.com', 'hashed_pw_1', 'admin', 'Management', 1),
('Amit Sharma', 'amit@greenleaf.com', 'hashed_pw_2', 'vendor', 'Sales', 2),
('Riya Mehta', 'riya@bluewave.com', 'hashed_pw_3', 'approver', 'Operations', 3),
('Karan Singh', 'karan@alphaconstruct.com', 'hashed_pw_4', 'buyer', 'Procurement', 4),
('Priya Nair', 'priya@brightedge.com', 'hashed_pw_5', 'vendor', 'Consulting', 5),
('Ankit Verma', 'ankit@nextgen.com', 'hashed_pw_6', 'admin', 'IT', 6),
('Divya Patel', 'divya@skyhigh.com', 'hashed_pw_7', 'buyer', 'Travel', 7),
('Rahul Das', 'rahul@agrigrow.com', 'hashed_pw_8', 'approver', 'Supply', 8),
('Sneha Iyer', 'sneha@medicore.com', 'hashed_pw_9', 'vendor', 'R&D', 9),
('Vikram Rao', 'vikram@databridge.com', 'hashed_pw_10', 'admin', 'Analytics', 10),
('Meera Joshi', 'meera@urbannest.com', 'hashed_pw_11', 'buyer', 'Design', 11),
('Arjun Malhotra', 'arjun@solaredge.com', 'hashed_pw_12', 'approver', 'Engineering', 12),
('Neha Kapoor', 'neha@codecraft.com', 'hashed_pw_13', 'vendor', 'Development', 13),
('Deepak Tiwari', 'deepak@peakpoint.com', 'hashed_pw_14', 'approver', 'Finance', 14),
('Sonal Reddy', 'sonal@aquapure.com', 'hashed_pw_15', 'buyer', 'Operations', 15);

-- contacts
INSERT INTO contacts (users_id, phone, department, designation)
VALUES
(1, '+91-9811111111', 'Management', 'Chief Admin Officer'),
(2, '+91-9822222222', 'Sales', 'Vendor Manager'),
(3, '+91-9833333333', 'Operations', 'Senior Approver'),
(4, '+91-9844444444', 'Procurement', 'Purchase Buyer'),
(5, '+91-9855555555', 'Consulting', 'Vendor Specialist'),
(6, '+91-9866666666', 'IT', 'Admin Lead'),
(7, '+91-9877777777', 'Travel', 'Buyer Representative'),
(8, '+91-9888888888', 'Supply', 'Approver'),
(9, '+91-9899999999', 'R&D', 'Vendor Coordinator'),
(10, '+91-9900000001', 'Analytics', 'Admin Manager'),
(11, '+91-9900000002', 'Design', 'Buyer Executive'),
(12, '+91-9900000003', 'Engineering', 'Approver Lead'),
(13, '+91-9900000004', 'Development', 'Vendor Associate'),
(14, '+91-9900000005', 'Finance', 'Senior Approver'),
(15, '+91-9900000006', 'Operations', 'Buyer Support');



-- categories
-- 🌟 Top-Level Categories
INSERT INTO categories (name, parent_id) VALUES
('Electronics', NULL),
('Fashion', NULL),
('Home & Kitchen', NULL),
('Automotive', NULL),
('Health & Beauty', NULL),
('Sports & Outdoors', NULL),
('Office Supplies', NULL),
('Groceries', NULL);
-- 🔹 Subcategories (child categories)
INSERT INTO categories (name, parent_id) VALUES
('Mobiles & Tablets', 1),
('Laptops & Accessories', 1),
('Men Clothing', 2),
('Women Clothing', 2),
('Furniture', 3),
('Car Accessories', 4),
('Fitness Equipment', 6);

INSERT INTO products (id, category_id, name, sku, description, is_active, created_at, updated_at)
VALUES
(1, 1, 'Smartphone Model A', 'SM-A-001', 'Latest 5G smartphone', TRUE, CURRENT_TIMESTAMP, CURRENT_TIMESTAMP),
(2, 1, 'Bluetooth Headphones', 'BT-H-002', 'Noise-cancelling headphones', TRUE, CURRENT_TIMESTAMP, CURRENT_TIMESTAMP),
(3, 2, 'Executive Chair', 'EX-CH-003', 'Ergonomic office chair', TRUE, CURRENT_TIMESTAMP, CURRENT_TIMESTAMP),
(4, 2, 'A4 Paper Box', 'A4-PB-004', 'Box of 500 sheets', TRUE, CURRENT_TIMESTAMP, CURRENT_TIMESTAMP),
(5, 3, 'Basmati Rice 10kg', 'BSM-RC-005', 'Premium quality rice', TRUE, CURRENT_TIMESTAMP, CURRENT_TIMESTAMP),
(6, 3, 'Sunflower Oil 5L', 'SF-OIL-006', 'Refined sunflower oil', TRUE, CURRENT_TIMESTAMP, CURRENT_TIMESTAMP),
(7, 5, 'Pure Cotton Saree', 'CTN-SA-007', 'Traditional Indian saree', TRUE, CURRENT_TIMESTAMP, CURRENT_TIMESTAMP),
(8, 4, 'Mixer Grinder', 'MX-GR-008', 'Multipurpose mixer', TRUE, CURRENT_TIMESTAMP, CURRENT_TIMESTAMP),
(9, 6, 'Wooden Dining Table', 'WD-DT-009', '6-seater with glass top', TRUE, CURRENT_TIMESTAMP, CURRENT_TIMESTAMP),
(10, 8, 'Herbal Shampoo', 'HRB-SH-010', '250ml, natural formula', TRUE, CURRENT_TIMESTAMP, CURRENT_TIMESTAMP),
(11, 7, 'Alloy Wheel Cover', 'AWC-011', 'Car accessory', TRUE, CURRENT_TIMESTAMP, CURRENT_TIMESTAMP),
(12, 10, 'Organic Fertilizer 20kg', 'OFZ-012', 'Improves farm yield', TRUE, CURRENT_TIMESTAMP, CURRENT_TIMESTAMP),
(13, 11, 'Laptop Model X', 'LAP-X-013', 'Business laptop', TRUE, CURRENT_TIMESTAMP, CURRENT_TIMESTAMP),
(14, 12, 'Floor Cleaner 5L', 'FC-014', 'Lemon fragrance', TRUE, CURRENT_TIMESTAMP, CURRENT_TIMESTAMP),
(15, 6, 'Office Work Desk', 'OWD-015', 'Low-height design', TRUE, CURRENT_TIMESTAMP, CURRENT_TIMESTAMP),
(16, 5, 'Cotton Bedsheet', 'CB-016', 'King size', TRUE, CURRENT_TIMESTAMP, CURRENT_TIMESTAMP),
(17, 9, 'Cement 50kg', 'CM-017', 'Construction cement', TRUE, CURRENT_TIMESTAMP, CURRENT_TIMESTAMP),
(18, 6, 'Steel Chair', 'SC-018', 'Stackable', TRUE, CURRENT_TIMESTAMP, CURRENT_TIMESTAMP),
(19, 8, 'Aloe Vera Gel', 'AVG-019', '100ml cosmetic', TRUE, CURRENT_TIMESTAMP, CURRENT_TIMESTAMP),
(20, 4, 'Air Purifier', 'AP-020', 'For home use', TRUE, CURRENT_TIMESTAMP, CURRENT_TIMESTAMP),
(21, 1, 'Powerbank 20000mAh', 'PB20-021', 'Fast charge', TRUE, CURRENT_TIMESTAMP, CURRENT_TIMESTAMP),
(22, 2, 'Pens Pack (10)', 'PEN-022', 'Blue ink ball pens', TRUE, CURRENT_TIMESTAMP, CURRENT_TIMESTAMP),
(23, 3, 'Atta 10kg', 'AT-023', 'Wheat flour', TRUE, CURRENT_TIMESTAMP, CURRENT_TIMESTAMP),
(24, 5, 'Denim Jeans', 'DJ-024', 'Regular fit', TRUE, CURRENT_TIMESTAMP, CURRENT_TIMESTAMP),
(25, 7, 'Bike Helmet', 'BH-025', 'ISI certified', TRUE, CURRENT_TIMESTAMP, CURRENT_TIMESTAMP),
(26, 8, 'Rose Soap Pack', 'RSP-026', 'Pack of 5', TRUE, CURRENT_TIMESTAMP, CURRENT_TIMESTAMP),
(27, 10, 'Tractor Tyre', 'TT-027', 'Heavy duty', TRUE, CURRENT_TIMESTAMP, CURRENT_TIMESTAMP),
(28, 9, 'Bricks (1000 pc)', 'BRK-028', 'Red brick lot', TRUE, CURRENT_TIMESTAMP, CURRENT_TIMESTAMP),
(29, 11, 'Server Rack', 'SR-029', '12U steel rack', TRUE, CURRENT_TIMESTAMP, CURRENT_TIMESTAMP),
(30, 12, 'Toilet Cleaner', 'TC-030', '750ml', TRUE, CURRENT_TIMESTAMP, CURRENT_TIMESTAMP),
(31, 10, 'Hybrid Rice Seeds', 'HRS-031', 'High yield', TRUE, CURRENT_TIMESTAMP, CURRENT_TIMESTAMP),
(32, 8, 'Neem Soap', 'NS-032', 'Antibacterial', TRUE, CURRENT_TIMESTAMP, CURRENT_TIMESTAMP),
(33, 3, 'Moong Dal 5kg', 'MD-033', 'Premium lentils', TRUE, CURRENT_TIMESTAMP, CURRENT_TIMESTAMP),
(34, 7, 'Car Perfume', 'CP-034', 'Strawberry fragrance', TRUE, CURRENT_TIMESTAMP, CURRENT_TIMESTAMP),
(35, 1, 'Smartwatch Basic', 'SWB-035', 'Fitness tracking', TRUE, CURRENT_TIMESTAMP, CURRENT_TIMESTAMP),
(36, 2, 'Stapler Set', 'SS-036', 'Desk stapler + pins', TRUE, CURRENT_TIMESTAMP, CURRENT_TIMESTAMP),
(37, 5, 'Kurti Cotton', 'KC-037', 'Ladies wear', TRUE, CURRENT_TIMESTAMP, CURRENT_TIMESTAMP),
(38, 4, 'Induction Cooktop', 'IC-038', '2000W digital', TRUE, CURRENT_TIMESTAMP, CURRENT_TIMESTAMP),
(39, 6, 'Revolving Chair', 'RC-039', 'Adjustable height', TRUE, CURRENT_TIMESTAMP, CURRENT_TIMESTAMP),
(40, 9, 'Iron Rod (1Ton)', 'IR-040', 'TMT bars', TRUE, CURRENT_TIMESTAMP, CURRENT_TIMESTAMP),
(41, 3, 'Black Pepper 1kg', 'BP-041', 'Whole spice', TRUE, CURRENT_TIMESTAMP, CURRENT_TIMESTAMP),
(42, 12, 'Glass Cleaner', 'GC-042', '500ml', TRUE, CURRENT_TIMESTAMP, CURRENT_TIMESTAMP),
(43, 7, 'Bike Cover', 'BIC-043', 'Waterproof', TRUE, CURRENT_TIMESTAMP, CURRENT_TIMESTAMP),
(44, 10, 'Weed Cutter', 'WC-044', 'Manual tool', TRUE, CURRENT_TIMESTAMP, CURRENT_TIMESTAMP),
(45, 8, 'Hand Sanitizer Gel', 'HS-045', '500ml pump', TRUE, CURRENT_TIMESTAMP, CURRENT_TIMESTAMP),
(46, 2, 'Correction Tape', 'CT-046', 'Blister pack', TRUE, CURRENT_TIMESTAMP, CURRENT_TIMESTAMP),
(47, 6, 'Coffee Table', 'CFTB-047', 'Teak finish', TRUE, CURRENT_TIMESTAMP, CURRENT_TIMESTAMP),
(48, 11, 'Wireless Mouse', 'WM-048', '2.4GHz', TRUE, CURRENT_TIMESTAMP, CURRENT_TIMESTAMP),
(49, 5, 'Shawl Woolen', 'WS-049', 'Winter shawl', TRUE, CURRENT_TIMESTAMP, CURRENT_TIMESTAMP),
(50, 1, 'Tab Device', 'TAB-050', 'Simulator tab', TRUE, CURRENT_TIMESTAMP, CURRENT_TIMESTAMP),
(51, 12, 'Disinfectant Liquid', 'DL-051', 'Lavender fresh', TRUE, CURRENT_TIMESTAMP, CURRENT_TIMESTAMP),
(52, 11, 'Network Switch', 'NSW-052', '8 port, gigabit', TRUE, CURRENT_TIMESTAMP, CURRENT_TIMESTAMP),
(53, 2, 'Tape Dispenser', 'TD-053', 'Desktop type', TRUE, CURRENT_TIMESTAMP, CURRENT_TIMESTAMP),
(54, 3, 'Sugar 5kg', 'SG-054', 'Grain sugar', TRUE, CURRENT_TIMESTAMP, CURRENT_TIMESTAMP),
(55, 4, 'Chimney Hood', 'CHM-055', 'Stainless steel', TRUE, CURRENT_TIMESTAMP, CURRENT_TIMESTAMP),
(56, 5, 'Boys T-shirt', 'BTS-056', 'Cotton graphic', TRUE, CURRENT_TIMESTAMP, CURRENT_TIMESTAMP),
(57, 6, 'Bookshelf', 'BSF-057', '5-tier', TRUE, CURRENT_TIMESTAMP, CURRENT_TIMESTAMP),
(58, 7, 'Spark Plug Set', 'SPS-058', 'Set of 4', TRUE, CURRENT_TIMESTAMP, CURRENT_TIMESTAMP),
(59, 8, 'Shaving Foam', 'SF-059', '200ml pack', TRUE, CURRENT_TIMESTAMP, CURRENT_TIMESTAMP),
(60, 9, 'Sand 1 Ton', 'SND-060', 'River sand', TRUE, CURRENT_TIMESTAMP, CURRENT_TIMESTAMP),
(61, 10, 'Sprayer Pump', 'SP-061', 'Agricultural', TRUE, CURRENT_TIMESTAMP, CURRENT_TIMESTAMP),
(62, 11, 'Desktop PC i5', 'DPC-062', '8GB/512GB/22\"LCD', TRUE, CURRENT_TIMESTAMP, CURRENT_TIMESTAMP),
(63, 12, 'Bleach Powder', 'BL-063', '5 kg tub', TRUE, CURRENT_TIMESTAMP, CURRENT_TIMESTAMP),
(64, 1, 'Smartphone Model S', 'SMS-064', 'Flagship', TRUE, CURRENT_TIMESTAMP, CURRENT_TIMESTAMP),
(65, 2, 'Printer Laser', 'PL-065', 'Mono laser printer', TRUE, CURRENT_TIMESTAMP, CURRENT_TIMESTAMP),
(66, 3, 'Toor Dal 5kg', 'TDL-066', 'High protein', TRUE, CURRENT_TIMESTAMP, CURRENT_TIMESTAMP),
(67, 8, 'Hand Wash 250ml', 'HW-067', 'Antibacterial', TRUE, CURRENT_TIMESTAMP, CURRENT_TIMESTAMP),
(68, 4, 'Toaster 4 Slice', 'TST-068', 'Stainless finish', TRUE, CURRENT_TIMESTAMP, CURRENT_TIMESTAMP),
(69, 9, 'Stone Aggregate', 'SAG-069', 'per 100kg', TRUE, CURRENT_TIMESTAMP, CURRENT_TIMESTAMP),
(70, 6, 'Bed Frame', 'BF-070', 'Queen-size metal', TRUE, CURRENT_TIMESTAMP, CURRENT_TIMESTAMP);

INSERT INTO business_products (business_id, product_id, price, currency, min_quantity, is_active, created_at, updated_at)
VALUES
(1, 1, 18500.00, 'Rs', 1, TRUE, CURRENT_TIMESTAMP, CURRENT_TIMESTAMP),
(1, 2, 3500.00, 'Rs', 1, TRUE, CURRENT_TIMESTAMP, CURRENT_TIMESTAMP),
(2, 3, 9800.00, 'Rs', 2, TRUE, CURRENT_TIMESTAMP, CURRENT_TIMESTAMP),
(2, 4, 350.00, 'Rs', 1, TRUE, CURRENT_TIMESTAMP, CURRENT_TIMESTAMP),
(3, 5, 980.00, 'Rs', 1, TRUE, CURRENT_TIMESTAMP, CURRENT_TIMESTAMP),
(3, 6, 640.00, 'Rs', 2, TRUE, CURRENT_TIMESTAMP, CURRENT_TIMESTAMP),
(5, 7, 1500.00, 'Rs', 1, TRUE, CURRENT_TIMESTAMP, CURRENT_TIMESTAMP),
(4, 8, 4400.00, 'Rs', 1, TRUE, CURRENT_TIMESTAMP, CURRENT_TIMESTAMP),
(6, 9, 15500.00, 'Rs', 1, TRUE, CURRENT_TIMESTAMP, CURRENT_TIMESTAMP),
(8, 10, 220.00, 'Rs', 3, TRUE, CURRENT_TIMESTAMP, CURRENT_TIMESTAMP),
(7, 11, 3500.00, 'Rs', 1, TRUE, CURRENT_TIMESTAMP, CURRENT_TIMESTAMP),
(10, 12, 740.00, 'Rs', 2, TRUE, CURRENT_TIMESTAMP, CURRENT_TIMESTAMP),
(11, 13, 41000.00, 'Rs', 1, TRUE, CURRENT_TIMESTAMP, CURRENT_TIMESTAMP),
(12, 14, 350.00, 'Rs', 2, TRUE, CURRENT_TIMESTAMP, CURRENT_TIMESTAMP),
(6, 15, 4100.00, 'Rs', 2, TRUE, CURRENT_TIMESTAMP, CURRENT_TIMESTAMP),
(5, 16, 750.00, 'Rs', 1, TRUE, CURRENT_TIMESTAMP, CURRENT_TIMESTAMP),
(9, 17, 460.00, 'Rs', 2, TRUE, CURRENT_TIMESTAMP, CURRENT_TIMESTAMP),
(6, 18, 600.00, 'Rs', 2, TRUE, CURRENT_TIMESTAMP, CURRENT_TIMESTAMP),
(8, 19, 125.00, 'Rs', 3, TRUE, CURRENT_TIMESTAMP, CURRENT_TIMESTAMP),
(4, 20, 7500.00, 'Rs', 1, TRUE, CURRENT_TIMESTAMP, CURRENT_TIMESTAMP),
(1, 21, 1300.00, 'Rs', 2, TRUE, CURRENT_TIMESTAMP, CURRENT_TIMESTAMP),
(2, 22, 90.00, 'Rs', 5, TRUE, CURRENT_TIMESTAMP, CURRENT_TIMESTAMP),
(3, 23, 375.00, 'Rs', 1, TRUE, CURRENT_TIMESTAMP, CURRENT_TIMESTAMP),
(5, 24, 1200.00, 'Rs', 2, TRUE, CURRENT_TIMESTAMP, CURRENT_TIMESTAMP),
(7, 25, 850.00, 'Rs', 1, TRUE, CURRENT_TIMESTAMP, CURRENT_TIMESTAMP),
(8, 26, 75.00, 'Rs', 5, TRUE, CURRENT_TIMESTAMP, CURRENT_TIMESTAMP),
(10, 27, 6400.00, 'Rs', 1, TRUE, CURRENT_TIMESTAMP, CURRENT_TIMESTAMP),
(9, 28, 5200.00, 'Rs', 1, TRUE, CURRENT_TIMESTAMP, CURRENT_TIMESTAMP),
(11, 29, 8900.00, 'Rs', 1, TRUE, CURRENT_TIMESTAMP, CURRENT_TIMESTAMP),
(12, 30, 98.00, 'Rs', 3, TRUE, CURRENT_TIMESTAMP, CURRENT_TIMESTAMP),
(10, 31, 945.00, 'Rs', 4, TRUE, CURRENT_TIMESTAMP, CURRENT_TIMESTAMP),
(8, 32, 32.00, 'Rs', 10, TRUE, CURRENT_TIMESTAMP, CURRENT_TIMESTAMP),
(3, 33, 510.00, 'Rs', 1, TRUE, CURRENT_TIMESTAMP, CURRENT_TIMESTAMP),
(7, 34, 195.00, 'Rs', 1, TRUE, CURRENT_TIMESTAMP, CURRENT_TIMESTAMP),
(1, 35, 2499.00, 'Rs', 1, TRUE, CURRENT_TIMESTAMP, CURRENT_TIMESTAMP),
(2, 36, 145.00, 'Rs', 1, TRUE, CURRENT_TIMESTAMP, CURRENT_TIMESTAMP),
(5, 37, 650.00, 'Rs', 2, TRUE, CURRENT_TIMESTAMP, CURRENT_TIMESTAMP),
(4, 38, 3300.00, 'Rs', 1, TRUE, CURRENT_TIMESTAMP, CURRENT_TIMESTAMP),
(6, 39, 3550.00, 'Rs', 1, TRUE, CURRENT_TIMESTAMP, CURRENT_TIMESTAMP),
(9, 40, 53000.00, 'Rs', 1, TRUE, CURRENT_TIMESTAMP, CURRENT_TIMESTAMP),
(3, 41, 960.00, 'Rs', 1, TRUE, CURRENT_TIMESTAMP, CURRENT_TIMESTAMP),
(12, 42, 86.00, 'Rs', 5, TRUE, CURRENT_TIMESTAMP, CURRENT_TIMESTAMP),
(7, 43, 425.00, 'Rs', 2, TRUE, CURRENT_TIMESTAMP, CURRENT_TIMESTAMP),
(10, 44, 355.00, 'Rs', 1, TRUE, CURRENT_TIMESTAMP, CURRENT_TIMESTAMP),
(8, 45, 248.00, 'Rs', 2, TRUE, CURRENT_TIMESTAMP, CURRENT_TIMESTAMP),
(2, 46, 38.00, 'Rs', 20, TRUE, CURRENT_TIMESTAMP, CURRENT_TIMESTAMP),
(6, 47, 2400.00, 'Rs', 1, TRUE, CURRENT_TIMESTAMP, CURRENT_TIMESTAMP),
(11, 48, 449.00, 'Rs', 2, TRUE, CURRENT_TIMESTAMP, CURRENT_TIMESTAMP),
(5, 49, 795.00, 'Rs', 1, TRUE, CURRENT_TIMESTAMP, CURRENT_TIMESTAMP),
(1, 50, 14300.00, 'Rs', 1, TRUE, CURRENT_TIMESTAMP, CURRENT_TIMESTAMP),
(12, 51, 285.00, 'Rs', 5, TRUE, CURRENT_TIMESTAMP, CURRENT_TIMESTAMP),
(11, 52, 3990.00, 'Rs', 1, TRUE, CURRENT_TIMESTAMP, CURRENT_TIMESTAMP),
(2, 53, 85.00, 'Rs', 2, TRUE, CURRENT_TIMESTAMP, CURRENT_TIMESTAMP),
(3, 54, 242.00, 'Rs', 2, TRUE, CURRENT_TIMESTAMP, CURRENT_TIMESTAMP),
(4, 55, 11500.00, 'Rs', 1, TRUE, CURRENT_TIMESTAMP, CURRENT_TIMESTAMP),
(5, 56, 275.00, 'Rs', 1, TRUE, CURRENT_TIMESTAMP, CURRENT_TIMESTAMP),
(6, 57, 3150.00, 'Rs', 1, TRUE, CURRENT_TIMESTAMP, CURRENT_TIMESTAMP),
(7, 58, 780.00, 'Rs', 1, TRUE, CURRENT_TIMESTAMP, CURRENT_TIMESTAMP),
(8, 59, 212.00, 'Rs', 1, TRUE, CURRENT_TIMESTAMP, CURRENT_TIMESTAMP),
(9, 60, 5900.00, 'Rs', 1, TRUE, CURRENT_TIMESTAMP, CURRENT_TIMESTAMP),
(10, 61, 340.00, 'Rs', 2, TRUE, CURRENT_TIMESTAMP, CURRENT_TIMESTAMP),
(11, 62, 52000.00, 'Rs', 1, TRUE, CURRENT_TIMESTAMP, CURRENT_TIMESTAMP),
(12, 63, 440.00, 'Rs', 4, TRUE, CURRENT_TIMESTAMP, CURRENT_TIMESTAMP),
(1, 64, 27500.00, 'Rs', 1, TRUE, CURRENT_TIMESTAMP, CURRENT_TIMESTAMP),
(2, 65, 9900.00, 'Rs', 1, TRUE, CURRENT_TIMESTAMP, CURRENT_TIMESTAMP),
(3, 66, 540.00, 'Rs', 1, TRUE, CURRENT_TIMESTAMP, CURRENT_TIMESTAMP),
(8, 67, 68.00, 'Rs', 2, TRUE, CURRENT_TIMESTAMP, CURRENT_TIMESTAMP),
(4, 68, 1850.00, 'Rs', 1, TRUE, CURRENT_TIMESTAMP, CURRENT_TIMESTAMP),
(9, 69, 480.00, 'Rs', 1, TRUE, CURRENT_TIMESTAMP, CURRENT_TIMESTAMP),
(6, 70, 4950.00, 'Rs', 1, TRUE, CURRENT_TIMESTAMP, CURRENT_TIMESTAMP);

INSERT INTO product_images (product_id, image_url, is_primary, created_at)
VALUES
(1, 'https://cdn.example.com/products/1.jpg', TRUE, CURRENT_TIMESTAMP),
(2, 'https://cdn.example.com/products/2.jpg', TRUE, CURRENT_TIMESTAMP),
(3, 'https://cdn.example.com/products/3.jpg', TRUE, CURRENT_TIMESTAMP),
(4, 'https://cdn.example.com/products/4.jpg', TRUE, CURRENT_TIMESTAMP),
(5, 'https://cdn.example.com/products/5.jpg', TRUE, CURRENT_TIMESTAMP),
(6, 'https://cdn.example.com/products/6.jpg', TRUE, CURRENT_TIMESTAMP),
(7, 'https://cdn.example.com/products/7.jpg', TRUE, CURRENT_TIMESTAMP),
(8, 'https://cdn.example.com/products/8.jpg', TRUE, CURRENT_TIMESTAMP),
(9, 'https://cdn.example.com/products/9.jpg', TRUE, CURRENT_TIMESTAMP),
(10, 'https://cdn.example.com/products/10.jpg', TRUE, CURRENT_TIMESTAMP),
(11, 'https://cdn.example.com/products/11.jpg', TRUE, CURRENT_TIMESTAMP),
(12, 'https://cdn.example.com/products/12.jpg', TRUE, CURRENT_TIMESTAMP),
(13, 'https://cdn.example.com/products/13.jpg', TRUE, CURRENT_TIMESTAMP),
(14, 'https://cdn.example.com/products/14.jpg', TRUE, CURRENT_TIMESTAMP),
(15, 'https://cdn.example.com/products/15.jpg', TRUE, CURRENT_TIMESTAMP),
(16, 'https://cdn.example.com/products/16.jpg', TRUE, CURRENT_TIMESTAMP),
(17, 'https://cdn.example.com/products/17.jpg', TRUE, CURRENT_TIMESTAMP),
(18, 'https://cdn.example.com/products/18.jpg', TRUE, CURRENT_TIMESTAMP),
(19, 'https://cdn.example.com/products/19.jpg', TRUE, CURRENT_TIMESTAMP),
(20, 'https://cdn.example.com/products/20.jpg', TRUE, CURRENT_TIMESTAMP),
(21, 'https://cdn.example.com/products/21.jpg', TRUE, CURRENT_TIMESTAMP),
(22, 'https://cdn.example.com/products/22.jpg', TRUE, CURRENT_TIMESTAMP),
(23, 'https://cdn.example.com/products/23.jpg', TRUE, CURRENT_TIMESTAMP),
(24, 'https://cdn.example.com/products/24.jpg', TRUE, CURRENT_TIMESTAMP),
(25, 'https://cdn.example.com/products/25.jpg', TRUE, CURRENT_TIMESTAMP),
(26, 'https://cdn.example.com/products/26.jpg', TRUE, CURRENT_TIMESTAMP),
(27, 'https://cdn.example.com/products/27.jpg', TRUE, CURRENT_TIMESTAMP),
(28, 'https://cdn.example.com/products/28.jpg', TRUE, CURRENT_TIMESTAMP),
(29, 'https://cdn.example.com/products/29.jpg', TRUE, CURRENT_TIMESTAMP),
(30, 'https://cdn.example.com/products/30.jpg', TRUE, CURRENT_TIMESTAMP),
(31, 'https://cdn.example.com/products/31.jpg', TRUE, CURRENT_TIMESTAMP),
(32, 'https://cdn.example.com/products/32.jpg', TRUE, CURRENT_TIMESTAMP),
(33, 'https://cdn.example.com/products/33.jpg', TRUE, CURRENT_TIMESTAMP),
(34, 'https://cdn.example.com/products/34.jpg', TRUE, CURRENT_TIMESTAMP),
(35, 'https://cdn.example.com/products/35.jpg', TRUE, CURRENT_TIMESTAMP),
(36, 'https://cdn.example.com/products/36.jpg', TRUE, CURRENT_TIMESTAMP),
(37, 'https://cdn.example.com/products/37.jpg', TRUE, CURRENT_TIMESTAMP),
(38, 'https://cdn.example.com/products/38.jpg', TRUE, CURRENT_TIMESTAMP),
(39, 'https://cdn.example.com/products/39.jpg', TRUE, CURRENT_TIMESTAMP),
(40, 'https://cdn.example.com/products/40.jpg', TRUE, CURRENT_TIMESTAMP),
(41, 'https://cdn.example.com/products/41.jpg', TRUE, CURRENT_TIMESTAMP),
(42, 'https://cdn.example.com/products/42.jpg', TRUE, CURRENT_TIMESTAMP),
(43, 'https://cdn.example.com/products/43.jpg', TRUE, CURRENT_TIMESTAMP),
(44, 'https://cdn.example.com/products/44.jpg', TRUE, CURRENT_TIMESTAMP),
(45, 'https://cdn.example.com/products/45.jpg', TRUE, CURRENT_TIMESTAMP),
(46, 'https://cdn.example.com/products/46.jpg', TRUE, CURRENT_TIMESTAMP),
(47, 'https://cdn.example.com/products/47.jpg', TRUE, CURRENT_TIMESTAMP),
(48, 'https://cdn.example.com/products/48.jpg', TRUE, CURRENT_TIMESTAMP),
(49, 'https://cdn.example.com/products/49.jpg', TRUE, CURRENT_TIMESTAMP),
(50, 'https://cdn.example.com/products/50.jpg', TRUE, CURRENT_TIMESTAMP),
(51, 'https://cdn.example.com/products/51.jpg', TRUE, CURRENT_TIMESTAMP),
(52, 'https://cdn.example.com/products/52.jpg', TRUE, CURRENT_TIMESTAMP),
(53, 'https://cdn.example.com/products/53.jpg', TRUE, CURRENT_TIMESTAMP),
(54, 'https://cdn.example.com/products/54.jpg', TRUE, CURRENT_TIMESTAMP),
(55, 'https://cdn.example.com/products/55.jpg', TRUE, CURRENT_TIMESTAMP),
(56, 'https://cdn.example.com/products/56.jpg', TRUE, CURRENT_TIMESTAMP),
(57, 'https://cdn.example.com/products/57.jpg', TRUE, CURRENT_TIMESTAMP),
(58, 'https://cdn.example.com/products/58.jpg', TRUE, CURRENT_TIMESTAMP),
(59, 'https://cdn.example.com/products/59.jpg', TRUE, CURRENT_TIMESTAMP),
(60, 'https://cdn.example.com/products/60.jpg', TRUE, CURRENT_TIMESTAMP),
(61, 'https://cdn.example.com/products/61.jpg', TRUE, CURRENT_TIMESTAMP),
(62, 'https://cdn.example.com/products/62.jpg', TRUE, CURRENT_TIMESTAMP),
(63, 'https://cdn.example.com/products/63.jpg', TRUE, CURRENT_TIMESTAMP),
(64, 'https://cdn.example.com/products/64.jpg', TRUE, CURRENT_TIMESTAMP),
(65, 'https://cdn.example.com/products/65.jpg', TRUE, CURRENT_TIMESTAMP),
(66, 'https://cdn.example.com/products/66.jpg', TRUE, CURRENT_TIMESTAMP),
(67, 'https://cdn.example.com/products/67.jpg', TRUE, CURRENT_TIMESTAMP),
(68, 'https://cdn.example.com/products/68.jpg', TRUE, CURRENT_TIMESTAMP),
(69, 'https://cdn.example.com/products/69.jpg', TRUE, CURRENT_TIMESTAMP),
(70, 'https://cdn.example.com/products/70.jpg', TRUE, CURRENT_TIMESTAMP);

INSERT INTO cart_items (bp_id, users_id, quantity, contract_id, created_at, updated_at)
VALUES
(1, 1, 2, 1, CURRENT_TIMESTAMP, CURRENT_TIMESTAMP),
(2, 1, 1, 2, CURRENT_TIMESTAMP, CURRENT_TIMESTAMP),
(3, 2, 3, 1, CURRENT_TIMESTAMP, CURRENT_TIMESTAMP),
(4, 2, 5, NULL, CURRENT_TIMESTAMP, CURRENT_TIMESTAMP),
(5, 3, 1, 3, CURRENT_TIMESTAMP, CURRENT_TIMESTAMP),
(6, 3, 2, NULL, CURRENT_TIMESTAMP, CURRENT_TIMESTAMP),
(7, 4, 4, 2, CURRENT_TIMESTAMP, CURRENT_TIMESTAMP),
(8, 4, 1, 4, CURRENT_TIMESTAMP, CURRENT_TIMESTAMP),
(9, 5, 2, 5, CURRENT_TIMESTAMP, CURRENT_TIMESTAMP),
(10, 5, 3, NULL, CURRENT_TIMESTAMP, CURRENT_TIMESTAMP),
(11, 6, 1, 6, CURRENT_TIMESTAMP, CURRENT_TIMESTAMP),
(12, 6, 2, NULL, CURRENT_TIMESTAMP, CURRENT_TIMESTAMP),
(13, 7, 3, 1, CURRENT_TIMESTAMP, CURRENT_TIMESTAMP),
(14, 7, 1, 7, CURRENT_TIMESTAMP, CURRENT_TIMESTAMP),
(15, 8, 2, NULL, CURRENT_TIMESTAMP, CURRENT_TIMESTAMP),
(16, 8, 4, 3, CURRENT_TIMESTAMP, CURRENT_TIMESTAMP),
(17, 9, 1, NULL, CURRENT_TIMESTAMP, CURRENT_TIMESTAMP),
(18, 9, 3, 4, CURRENT_TIMESTAMP, CURRENT_TIMESTAMP),
(19, 10, 2, 5, CURRENT_TIMESTAMP, CURRENT_TIMESTAMP),
(20, 10, 1, NULL, CURRENT_TIMESTAMP, CURRENT_TIMESTAMP),
(21, 11, 4, 2, CURRENT_TIMESTAMP, CURRENT_TIMESTAMP),
(22, 11, 1, NULL, CURRENT_TIMESTAMP, CURRENT_TIMESTAMP),
(23, 12, 3, 6, CURRENT_TIMESTAMP, CURRENT_TIMESTAMP),
(24, 12, 2, 3, CURRENT_TIMESTAMP, CURRENT_TIMESTAMP),
(25, 1, 1, 8, CURRENT_TIMESTAMP, CURRENT_TIMESTAMP),
(26, 2, 2, NULL, CURRENT_TIMESTAMP, CURRENT_TIMESTAMP),
(27, 3, 4, 1, CURRENT_TIMESTAMP, CURRENT_TIMESTAMP),
(28, 4, 3, NULL, CURRENT_TIMESTAMP, CURRENT_TIMESTAMP),
(29, 5, 2, 4, CURRENT_TIMESTAMP, CURRENT_TIMESTAMP),
(30, 6, 1, 5, CURRENT_TIMESTAMP, CURRENT_TIMESTAMP),
(31, 7, 2, NULL, CURRENT_TIMESTAMP, CURRENT_TIMESTAMP),
(32, 8, 3, 7, CURRENT_TIMESTAMP, CURRENT_TIMESTAMP),
(33, 9, 1, NULL, CURRENT_TIMESTAMP, CURRENT_TIMESTAMP),
(34, 10, 5, 3, CURRENT_TIMESTAMP, CURRENT_TIMESTAMP),
(35, 11, 2, NULL, CURRENT_TIMESTAMP, CURRENT_TIMESTAMP),
(36, 12, 4, 1, CURRENT_TIMESTAMP, CURRENT_TIMESTAMP),
(37, 1, 3, 9, CURRENT_TIMESTAMP, CURRENT_TIMESTAMP),
(38, 2, 1, NULL, CURRENT_TIMESTAMP, CURRENT_TIMESTAMP),
(39, 3, 2, 10, CURRENT_TIMESTAMP, CURRENT_TIMESTAMP),
(40, 4, 3, NULL, CURRENT_TIMESTAMP, CURRENT_TIMESTAMP),
(41, 5, 1, 5, CURRENT_TIMESTAMP, CURRENT_TIMESTAMP),
(42, 6, 2, NULL, CURRENT_TIMESTAMP, CURRENT_TIMESTAMP),
(43, 7, 4, 4, CURRENT_TIMESTAMP, CURRENT_TIMESTAMP),
(44, 8, 1, NULL, CURRENT_TIMESTAMP, CURRENT_TIMESTAMP),
(45, 9, 2, 2, CURRENT_TIMESTAMP, CURRENT_TIMESTAMP),
(46, 10, 3, NULL, CURRENT_TIMESTAMP, CURRENT_TIMESTAMP),
(47, 11, 5, 8, CURRENT_TIMESTAMP, CURRENT_TIMESTAMP),
(48, 12, 1, NULL, CURRENT_TIMESTAMP, CURRENT_TIMESTAMP),
(49, 1, 3, 6, CURRENT_TIMESTAMP, CURRENT_TIMESTAMP),
(50, 2, 1, NULL, CURRENT_TIMESTAMP, CURRENT_TIMESTAMP),
(51, 3, 2, 1, CURRENT_TIMESTAMP, CURRENT_TIMESTAMP),
(52, 4, 3, NULL, CURRENT_TIMESTAMP, CURRENT_TIMESTAMP),
(53, 5, 2, 3, CURRENT_TIMESTAMP, CURRENT_TIMESTAMP),
(54, 6, 1, NULL, CURRENT_TIMESTAMP, CURRENT_TIMESTAMP),
(55, 7, 2, 9, CURRENT_TIMESTAMP, CURRENT_TIMESTAMP),
(56, 8, 4, NULL, CURRENT_TIMESTAMP, CURRENT_TIMESTAMP),
(57, 9, 3, 5, CURRENT_TIMESTAMP, CURRENT_TIMESTAMP),
(58, 10, 1, NULL, CURRENT_TIMESTAMP, CURRENT_TIMESTAMP),
(59, 11, 2, 7, CURRENT_TIMESTAMP, CURRENT_TIMESTAMP),
(60, 12, 1, NULL, CURRENT_TIMESTAMP, CURRENT_TIMESTAMP),
(61, 1, 2, 2, CURRENT_TIMESTAMP, CURRENT_TIMESTAMP),
(62, 2, 3, NULL, CURRENT_TIMESTAMP, CURRENT_TIMESTAMP),
(63, 3, 1, 8, CURRENT_TIMESTAMP, CURRENT_TIMESTAMP),
(64, 4, 5, NULL, CURRENT_TIMESTAMP, CURRENT_TIMESTAMP),
(65, 5, 1, 10, CURRENT_TIMESTAMP, CURRENT_TIMESTAMP),
(66, 6, 2, NULL, CURRENT_TIMESTAMP, CURRENT_TIMESTAMP),
(67, 7, 3, 4, CURRENT_TIMESTAMP, CURRENT_TIMESTAMP),
(68, 8, 1, NULL, CURRENT_TIMESTAMP, CURRENT_TIMESTAMP),
(69, 9, 2, 3, CURRENT_TIMESTAMP, CURRENT_TIMESTAMP),
(70, 10, 4, NULL, CURRENT_TIMESTAMP, CURRENT_TIMESTAMP);

INSERT INTO purchase_requests (pr_number, requested_by, group_name, remarks, status, is_active, created_at, updated_at)
VALUES
('PR-1001', 1, 'Electronics', 'Request for new gadgets', 'APPROVED', TRUE, CURRENT_TIMESTAMP, CURRENT_TIMESTAMP),
('PR-1002', 2, 'Office Supplies', 'Stationery for Q4', 'PENDING', TRUE, CURRENT_TIMESTAMP, CURRENT_TIMESTAMP),
('PR-1003', 3, 'Furniture', 'New office desks', 'REJECTED', TRUE, CURRENT_TIMESTAMP, CURRENT_TIMESTAMP),
('PR-1004', 4, 'Grocery', 'Monthly groceries', 'APPROVED', TRUE, CURRENT_TIMESTAMP, CURRENT_TIMESTAMP),
('PR-1005', 5, 'Textiles', 'Uniform material', 'PENDING', TRUE, CURRENT_TIMESTAMP, CURRENT_TIMESTAMP),
('PR-1006', 6, 'Home Appliances', 'Pantry mixer grinder', 'APPROVED', TRUE, CURRENT_TIMESTAMP, CURRENT_TIMESTAMP),
('PR-1007', 7, 'Construction', 'Cement and sand order', 'PENDING', TRUE, CURRENT_TIMESTAMP, CURRENT_TIMESTAMP),
('PR-1008', 8, 'Cosmetics', 'Personal care items', 'PENDING', TRUE, CURRENT_TIMESTAMP, CURRENT_TIMESTAMP),
('PR-1009', 9, 'Automotive', 'Spare parts stock', 'APPROVED', TRUE, CURRENT_TIMESTAMP, CURRENT_TIMESTAMP),
('PR-1010', 10, 'Agriculture', 'Seeds and fertilizers', 'APPROVED', TRUE, CURRENT_TIMESTAMP, CURRENT_TIMESTAMP),
('PR-1011', 11, 'Computers', 'IT hardware upgrade', 'PENDING', TRUE, CURRENT_TIMESTAMP, CURRENT_TIMESTAMP),
('PR-1012', 12, 'Cleaning', 'Facility cleaning supplies', 'APPROVED', TRUE, CURRENT_TIMESTAMP, CURRENT_TIMESTAMP),
('PR-1013', 1, 'Electronics', 'Accessories restock', 'PENDING', TRUE, CURRENT_TIMESTAMP, CURRENT_TIMESTAMP),
('PR-1014', 2, 'Office Supplies', 'A4 paper & pens', 'APPROVED', TRUE, CURRENT_TIMESTAMP, CURRENT_TIMESTAMP),
('PR-1015', 3, 'Food', 'Procurement for canteen', 'PENDING', TRUE, CURRENT_TIMESTAMP, CURRENT_TIMESTAMP),
('PR-1016', 4, 'Clothing', 'Corporate T-shirts', 'APPROVED', TRUE, CURRENT_TIMESTAMP, CURRENT_TIMESTAMP),
('PR-1017', 5, 'Construction', 'Iron rods & bricks', 'APPROVED', TRUE, CURRENT_TIMESTAMP, CURRENT_TIMESTAMP),
('PR-1018', 6, 'Home Appliances', 'Kitchen electricals', 'PENDING', TRUE, CURRENT_TIMESTAMP, CURRENT_TIMESTAMP),
('PR-1019', 7, 'Furniture', 'Conference room chairs', 'APPROVED', TRUE, CURRENT_TIMESTAMP, CURRENT_TIMESTAMP),
('PR-1020', 8, 'Cosmetics', 'Hygiene essentials', 'REJECTED', TRUE, CURRENT_TIMESTAMP, CURRENT_TIMESTAMP),
('PR-1021', 9, 'Automotive', 'Workshop materials', 'APPROVED', TRUE, CURRENT_TIMESTAMP, CURRENT_TIMESTAMP),
('PR-1022', 10, 'Agriculture', 'New irrigation items', 'PENDING', TRUE, CURRENT_TIMESTAMP, CURRENT_TIMESTAMP),
('PR-1023', 11, 'Computers', 'Monitors for staff', 'PENDING', TRUE, CURRENT_TIMESTAMP, CURRENT_TIMESTAMP),
('PR-1024', 12, 'Cleaning', 'Restroom supplies', 'APPROVED', TRUE, CURRENT_TIMESTAMP, CURRENT_TIMESTAMP),
('PR-1025', 1, 'Electronics', 'Smartwatches order', 'APPROVED', TRUE, CURRENT_TIMESTAMP, CURRENT_TIMESTAMP),
('PR-1026', 2, 'Office Supplies', 'Files & folders', 'PENDING', TRUE, CURRENT_TIMESTAMP, CURRENT_TIMESTAMP),
('PR-1027', 3, 'Food', 'Rice and oil', 'APPROVED', TRUE, CURRENT_TIMESTAMP, CURRENT_TIMESTAMP),
('PR-1028', 4, 'Clothing', 'Employee uniforms', 'APPROVED', TRUE, CURRENT_TIMESTAMP, CURRENT_TIMESTAMP),
('PR-1029', 5, 'Construction', 'Raw material stock', 'PENDING', TRUE, CURRENT_TIMESTAMP, CURRENT_TIMESTAMP),
('PR-1030', 6, 'Home Appliances', 'Fans and heaters', 'APPROVED', TRUE, CURRENT_TIMESTAMP, CURRENT_TIMESTAMP),
('PR-1031', 7, 'Furniture', 'Cabin tables', 'PENDING', TRUE, CURRENT_TIMESTAMP, CURRENT_TIMESTAMP),
('PR-1032', 8, 'Cosmetics', 'Soap and lotion', 'APPROVED', TRUE, CURRENT_TIMESTAMP, CURRENT_TIMESTAMP),
('PR-1033', 9, 'Automotive', 'Car accessories', 'APPROVED', TRUE, CURRENT_TIMESTAMP, CURRENT_TIMESTAMP),
('PR-1034', 10, 'Agriculture', 'Machinery parts', 'PENDING', TRUE, CURRENT_TIMESTAMP, CURRENT_TIMESTAMP),
('PR-1035', 11, 'Computers', 'Laptop procurement', 'APPROVED', TRUE, CURRENT_TIMESTAMP, CURRENT_TIMESTAMP),
('PR-1036', 12, 'Cleaning', 'Glass cleaners', 'PENDING', TRUE, CURRENT_TIMESTAMP, CURRENT_TIMESTAMP),
('PR-1037', 1, 'Electronics', 'Mobile phones', 'APPROVED', TRUE, CURRENT_TIMESTAMP, CURRENT_TIMESTAMP),
('PR-1038', 2, 'Office Supplies', 'Staplers & tapes', 'APPROVED', TRUE, CURRENT_TIMESTAMP, CURRENT_TIMESTAMP),
('PR-1039', 3, 'Food', 'Pulses & sugar', 'PENDING', TRUE, CURRENT_TIMESTAMP, CURRENT_TIMESTAMP),
('PR-1040', 4, 'Clothing', 'Cotton wear', 'APPROVED', TRUE, CURRENT_TIMESTAMP, CURRENT_TIMESTAMP),
('PR-1041', 5, 'Construction', 'Aggregates', 'APPROVED', TRUE, CURRENT_TIMESTAMP, CURRENT_TIMESTAMP),
('PR-1042', 6, 'Home Appliances', 'Kitchen appliances', 'PENDING', TRUE, CURRENT_TIMESTAMP, CURRENT_TIMESTAMP),
('PR-1043', 7, 'Furniture', 'Office chairs', 'APPROVED', TRUE, CURRENT_TIMESTAMP, CURRENT_TIMESTAMP),
('PR-1044', 8, 'Cosmetics', 'Sanitizers', 'APPROVED', TRUE, CURRENT_TIMESTAMP, CURRENT_TIMESTAMP),
('PR-1045', 9, 'Automotive', 'Engine parts', 'PENDING', TRUE, CURRENT_TIMESTAMP, CURRENT_TIMESTAMP),
('PR-1046', 10, 'Agriculture', 'Weed cutters', 'APPROVED', TRUE, CURRENT_TIMESTAMP, CURRENT_TIMESTAMP),
('PR-1047', 11, 'Computers', 'Servers and racks', 'APPROVED', TRUE, CURRENT_TIMESTAMP, CURRENT_TIMESTAMP),
('PR-1048', 12, 'Cleaning', 'Bleach and disinfectants', 'APPROVED', TRUE, CURRENT_TIMESTAMP, CURRENT_TIMESTAMP),
('PR-1049', 1, 'Electronics', 'Powerbanks', 'PENDING', TRUE, CURRENT_TIMESTAMP, CURRENT_TIMESTAMP),
('PR-1050', 2, 'Office Supplies', 'Correction items', 'APPROVED', TRUE, CURRENT_TIMESTAMP, CURRENT_TIMESTAMP),
('PR-1051', 3, 'Food', 'Flour and dal', 'APPROVED', TRUE, CURRENT_TIMESTAMP, CURRENT_TIMESTAMP),
('PR-1052', 4, 'Clothing', 'Winter wear', 'PENDING', TRUE, CURRENT_TIMESTAMP, CURRENT_TIMESTAMP),
('PR-1053', 5, 'Construction', 'Building materials', 'APPROVED', TRUE, CURRENT_TIMESTAMP, CURRENT_TIMESTAMP),
('PR-1054', 6, 'Home Appliances', 'Air purifiers', 'PENDING', TRUE, CURRENT_TIMESTAMP, CURRENT_TIMESTAMP),
('PR-1055', 7, 'Furniture', 'Coffee tables', 'APPROVED', TRUE, CURRENT_TIMESTAMP, CURRENT_TIMESTAMP),
('PR-1056', 8, 'Cosmetics', 'Handwash and soaps', 'APPROVED', TRUE, CURRENT_TIMESTAMP, CURRENT_TIMESTAMP),
('PR-1057', 9, 'Automotive', 'Bike accessories', 'APPROVED', TRUE, CURRENT_TIMESTAMP, CURRENT_TIMESTAMP),
('PR-1058', 10, 'Agriculture', 'Fertilizers', 'PENDING', TRUE, CURRENT_TIMESTAMP, CURRENT_TIMESTAMP),
('PR-1059', 11, 'Computers', 'Desktops', 'APPROVED', TRUE, CURRENT_TIMESTAMP, CURRENT_TIMESTAMP),
('PR-1060', 12, 'Cleaning', 'Sanitation refills', 'APPROVED', TRUE, CURRENT_TIMESTAMP, CURRENT_TIMESTAMP),
('PR-1061', 1, 'Electronics', 'Smart Tabs', 'PENDING', TRUE, CURRENT_TIMESTAMP, CURRENT_TIMESTAMP),
('PR-1062', 2, 'Office Supplies', 'Tape dispenser', 'APPROVED', TRUE, CURRENT_TIMESTAMP, CURRENT_TIMESTAMP),
('PR-1063', 3, 'Food', 'Dal and rice stock', 'PENDING', TRUE, CURRENT_TIMESTAMP, CURRENT_TIMESTAMP),
('PR-1064', 4, 'Clothing', 'Cotton Sarees', 'APPROVED', TRUE, CURRENT_TIMESTAMP, CURRENT_TIMESTAMP),
('PR-1065', 5, 'Construction', 'Cement & Iron rods', 'APPROVED', TRUE, CURRENT_TIMESTAMP, CURRENT_TIMESTAMP),
('PR-1066', 6, 'Home Appliances', 'Toaster & cooktop', 'PENDING', TRUE, CURRENT_TIMESTAMP, CURRENT_TIMESTAMP),
('PR-1067', 7, 'Furniture', 'Book shelves', 'APPROVED', TRUE, CURRENT_TIMESTAMP, CURRENT_TIMESTAMP),
('PR-1068', 8, 'Cosmetics', 'Facewash & shampoo', 'PENDING', TRUE, CURRENT_TIMESTAMP, CURRENT_TIMESTAMP),
('PR-1069', 9, 'Automotive', 'Car perfumes', 'APPROVED', TRUE, CURRENT_TIMESTAMP, CURRENT_TIMESTAMP),
('PR-1070', 10, 'Agriculture', 'Sprayers', 'APPROVED', TRUE, CURRENT_TIMESTAMP, CURRENT_TIMESTAMP);

INSERT INTO purchase_request_items (purchase_request_id, bp_id, quantity, price, comment, status, created_at, updated_at)
VALUES
(1, 1, 2, 18500.00, 'Need smartphones for new staff', 'APPROVED', CURRENT_TIMESTAMP, CURRENT_TIMESTAMP),
(2, 2, 10, 3500.00, 'Noise-cancelling headphones', 'PENDING', CURRENT_TIMESTAMP, CURRENT_TIMESTAMP),
(3, 3, 5, 9800.00, 'Office chairs for new setup', 'REJECTED', CURRENT_TIMESTAMP, CURRENT_TIMESTAMP),
(4, 4, 20, 350.00, 'Monthly paper supply', 'APPROVED', CURRENT_TIMESTAMP, CURRENT_TIMESTAMP),
(5, 5, 15, 980.00, 'Rice for cafeteria', 'PENDING', CURRENT_TIMESTAMP, CURRENT_TIMESTAMP),
(6, 8, 3, 4400.00, 'Mixer for pantry', 'APPROVED', CURRENT_TIMESTAMP, CURRENT_TIMESTAMP),
(7, 17, 50, 460.00, 'Cement bags', 'PENDING', CURRENT_TIMESTAMP, CURRENT_TIMESTAMP),
(8, 10, 40, 220.00, 'Shampoo bottles', 'PENDING', CURRENT_TIMESTAMP, CURRENT_TIMESTAMP),
(9, 11, 5, 3500.00, 'Wheel covers', 'APPROVED', CURRENT_TIMESTAMP, CURRENT_TIMESTAMP),
(10, 12, 10, 740.00, 'Fertilizer stock', 'APPROVED', CURRENT_TIMESTAMP, CURRENT_TIMESTAMP),
(11, 13, 3, 41000.00, 'Laptops for devs', 'PENDING', CURRENT_TIMESTAMP, CURRENT_TIMESTAMP),
(12, 14, 12, 350.00, 'Cleaning stock', 'APPROVED', CURRENT_TIMESTAMP, CURRENT_TIMESTAMP),
(13, 21, 6, 1300.00, 'Powerbanks', 'PENDING', CURRENT_TIMESTAMP, CURRENT_TIMESTAMP),
(14, 22, 50, 90.00, 'Pens pack', 'APPROVED', CURRENT_TIMESTAMP, CURRENT_TIMESTAMP),
(15, 23, 20, 375.00, 'Atta', 'PENDING', CURRENT_TIMESTAMP, CURRENT_TIMESTAMP),
(16, 24, 10, 1200.00, 'Denim jeans', 'APPROVED', CURRENT_TIMESTAMP, CURRENT_TIMESTAMP),
(17, 28, 2, 5200.00, 'Bricks stock', 'APPROVED', CURRENT_TIMESTAMP, CURRENT_TIMESTAMP),
(18, 20, 1, 7500.00, 'Air purifier', 'PENDING', CURRENT_TIMESTAMP, CURRENT_TIMESTAMP),
(19, 39, 6, 3550.00, 'Chairs for conference', 'APPROVED', CURRENT_TIMESTAMP, CURRENT_TIMESTAMP),
(20, 45, 15, 248.00, 'Sanitizer bottles', 'REJECTED', CURRENT_TIMESTAMP, CURRENT_TIMESTAMP),
(21, 25, 4, 850.00, 'Bike helmets', 'APPROVED', CURRENT_TIMESTAMP, CURRENT_TIMESTAMP),
(22, 31, 6, 945.00, 'Hybrid rice', 'PENDING', CURRENT_TIMESTAMP, CURRENT_TIMESTAMP),
(23, 48, 5, 449.00, 'Wireless mouse', 'PENDING', CURRENT_TIMESTAMP, CURRENT_TIMESTAMP),
(24, 42, 10, 86.00, 'Glass cleaner', 'APPROVED', CURRENT_TIMESTAMP, CURRENT_TIMESTAMP),
(25, 35, 5, 2499.00, 'Smartwatch order', 'APPROVED', CURRENT_TIMESTAMP, CURRENT_TIMESTAMP),
(26, 36, 10, 145.00, 'Stapler set', 'PENDING', CURRENT_TIMESTAMP, CURRENT_TIMESTAMP),
(27, 33, 20, 510.00, 'Moong dal', 'APPROVED', CURRENT_TIMESTAMP, CURRENT_TIMESTAMP),
(28, 37, 8, 650.00, 'Kurti cotton', 'APPROVED', CURRENT_TIMESTAMP, CURRENT_TIMESTAMP),
(29, 40, 4, 53000.00, 'Iron rods', 'PENDING', CURRENT_TIMESTAMP, CURRENT_TIMESTAMP),
(30, 38, 5, 3300.00, 'Induction cooktop', 'APPROVED', CURRENT_TIMESTAMP, CURRENT_TIMESTAMP),
(31, 47, 3, 2400.00, 'Coffee tables', 'PENDING', CURRENT_TIMESTAMP, CURRENT_TIMESTAMP),
(32, 59, 20, 212.00, 'Shaving foam', 'APPROVED', CURRENT_TIMESTAMP, CURRENT_TIMESTAMP),
(33, 34, 10, 195.00, 'Car perfume', 'APPROVED', CURRENT_TIMESTAMP, CURRENT_TIMESTAMP),
(34, 27, 2, 6400.00, 'Tractor tyres', 'PENDING', CURRENT_TIMESTAMP, CURRENT_TIMESTAMP),
(35, 13, 3, 41000.00, 'Laptops bulk', 'APPROVED', CURRENT_TIMESTAMP, CURRENT_TIMESTAMP),
(36, 30, 12, 98.00, 'Toilet cleaner', 'PENDING', CURRENT_TIMESTAMP, CURRENT_TIMESTAMP),
(37, 1, 2, 18500.00, 'Smartphones', 'APPROVED', CURRENT_TIMESTAMP, CURRENT_TIMESTAMP),
(38, 46, 10, 38.00, 'Correction tape', 'APPROVED', CURRENT_TIMESTAMP, CURRENT_TIMESTAMP),
(39, 54, 15, 242.00, 'Sugar', 'PENDING', CURRENT_TIMESTAMP, CURRENT_TIMESTAMP),
(40, 7, 6, 1500.00, 'Cotton saree', 'APPROVED', CURRENT_TIMESTAMP, CURRENT_TIMESTAMP),
(41, 69, 10, 480.00, 'Stone aggregate', 'APPROVED', CURRENT_TIMESTAMP, CURRENT_TIMESTAMP),
(42, 68, 3, 1850.00, 'Toaster', 'PENDING', CURRENT_TIMESTAMP, CURRENT_TIMESTAMP),
(43, 57, 4, 3150.00, 'Bookshelf', 'APPROVED', CURRENT_TIMESTAMP, CURRENT_TIMESTAMP),
(44, 67, 15, 68.00, 'Hand wash', 'APPROVED', CURRENT_TIMESTAMP, CURRENT_TIMESTAMP),
(45, 58, 8, 780.00, 'Spark plug', 'PENDING', CURRENT_TIMESTAMP, CURRENT_TIMESTAMP),
(46, 44, 2, 355.00, 'Weed cutter', 'APPROVED', CURRENT_TIMESTAMP, CURRENT_TIMESTAMP),
(47, 29, 2, 8900.00, 'Server rack', 'APPROVED', CURRENT_TIMESTAMP, CURRENT_TIMESTAMP),
(48, 63, 8, 440.00, 'Bleach powder', 'APPROVED', CURRENT_TIMESTAMP, CURRENT_TIMESTAMP),
(49, 21, 4, 1300.00, 'Powerbank', 'PENDING', CURRENT_TIMESTAMP, CURRENT_TIMESTAMP),
(50, 46, 15, 38.00, 'Correction tape', 'APPROVED', CURRENT_TIMESTAMP, CURRENT_TIMESTAMP),
(51, 66, 10, 540.00, 'Toor dal', 'APPROVED', CURRENT_TIMESTAMP, CURRENT_TIMESTAMP),
(52, 49, 5, 795.00, 'Woolen shawl', 'PENDING', CURRENT_TIMESTAMP, CURRENT_TIMESTAMP),
(53, 40, 3, 53000.00, 'Cement & iron rods', 'APPROVED', CURRENT_TIMESTAMP, CURRENT_TIMESTAMP),
(54, 20, 2, 7500.00, 'Air purifier', 'PENDING', CURRENT_TIMESTAMP, CURRENT_TIMESTAMP),
(55, 47, 2, 2400.00, 'Coffee table', 'APPROVED', CURRENT_TIMESTAMP, CURRENT_TIMESTAMP),
(56, 59, 20, 212.00, 'Handwash', 'APPROVED', CURRENT_TIMESTAMP, CURRENT_TIMESTAMP),
(57, 43, 4, 425.00, 'Bike cover', 'APPROVED', CURRENT_TIMESTAMP, CURRENT_TIMESTAMP),
(58, 12, 6, 740.00, 'Fertilizer', 'PENDING', CURRENT_TIMESTAMP, CURRENT_TIMESTAMP),
(59, 13, 4, 41000.00, 'Desktops', 'APPROVED', CURRENT_TIMESTAMP, CURRENT_TIMESTAMP),
(60, 30, 15, 98.00, 'Sanitizer refills', 'APPROVED', CURRENT_TIMESTAMP, CURRENT_TIMESTAMP),
(61, 1, 3, 18500.00, 'Tablets for staff', 'PENDING', CURRENT_TIMESTAMP, CURRENT_TIMESTAMP),
(62, 22, 10, 145.00, 'Tape dispenser', 'APPROVED', CURRENT_TIMESTAMP, CURRENT_TIMESTAMP),
(63, 23, 25, 375.00, 'Rice & dal', 'PENDING', CURRENT_TIMESTAMP, CURRENT_TIMESTAMP),
(64, 24, 10, 1200.00, 'Cotton Sarees', 'APPROVED', CURRENT_TIMESTAMP, CURRENT_TIMESTAMP),
(65, 17, 50, 460.00, 'Iron rods', 'APPROVED', CURRENT_TIMESTAMP, CURRENT_TIMESTAMP),
(66, 18, 5, 1999.00, 'Toaster set', 'PENDING', CURRENT_TIMESTAMP, CURRENT_TIMESTAMP),
(67, 19, 2, 2550.00, 'Bookshelf', 'APPROVED', CURRENT_TIMESTAMP, CURRENT_TIMESTAMP),
(68, 10, 12, 220.00, 'Facewash', 'PENDING', CURRENT_TIMESTAMP, CURRENT_TIMESTAMP),
(69, 11, 6, 3500.00, 'Car perfume', 'APPROVED', CURRENT_TIMESTAMP, CURRENT_TIMESTAMP),
(70, 12, 8, 740.00, 'Sprayers', 'APPROVED', CURRENT_TIMESTAMP, CURRENT_TIMESTAMP);

INSERT INTO approval_config (user_id, approval_level, min_amount, max_amount, auto_approve, is_active, created_at, updated_at)
VALUES
(1, 1, 0, 10000, TRUE, TRUE, CURRENT_TIMESTAMP, CURRENT_TIMESTAMP),
(2, 2, 10000, 25000, FALSE, TRUE, CURRENT_TIMESTAMP, CURRENT_TIMESTAMP),
(3, 3, 25000, 50000, FALSE, TRUE, CURRENT_TIMESTAMP, CURRENT_TIMESTAMP),
(4, 4, 50000, NULL, FALSE, TRUE, CURRENT_TIMESTAMP, CURRENT_TIMESTAMP),
(5, 1, 0, 8000, TRUE, TRUE, CURRENT_TIMESTAMP, CURRENT_TIMESTAMP),
(6, 2, 8000, 20000, FALSE, TRUE, CURRENT_TIMESTAMP, CURRENT_TIMESTAMP),
(7, 3, 20000, 40000, FALSE, TRUE, CURRENT_TIMESTAMP, CURRENT_TIMESTAMP),
(8, 4, 40000, NULL, FALSE, TRUE, CURRENT_TIMESTAMP, CURRENT_TIMESTAMP),
(9, 1, 0, 12000, TRUE, TRUE, CURRENT_TIMESTAMP, CURRENT_TIMESTAMP),
(10, 2, 12000, 30000, FALSE, TRUE, CURRENT_TIMESTAMP, CURRENT_TIMESTAMP),
(11, 3, 30000, 60000, FALSE, TRUE, CURRENT_TIMESTAMP, CURRENT_TIMESTAMP),
(12, 4, 60000, NULL, FALSE, TRUE, CURRENT_TIMESTAMP, CURRENT_TIMESTAMP),
(1, 1, 0, 5000, TRUE, TRUE, CURRENT_TIMESTAMP, CURRENT_TIMESTAMP),
(2, 2, 5000, 15000, FALSE, TRUE, CURRENT_TIMESTAMP, CURRENT_TIMESTAMP),
(3, 3, 15000, 30000, FALSE, TRUE, CURRENT_TIMESTAMP, CURRENT_TIMESTAMP),
(4, 4, 30000, NULL, FALSE, TRUE, CURRENT_TIMESTAMP, CURRENT_TIMESTAMP),
(5, 1, 0, 9000, TRUE, TRUE, CURRENT_TIMESTAMP, CURRENT_TIMESTAMP),
(6, 2, 9000, 25000, FALSE, TRUE, CURRENT_TIMESTAMP, CURRENT_TIMESTAMP),
(7, 3, 25000, 60000, FALSE, TRUE, CURRENT_TIMESTAMP, CURRENT_TIMESTAMP),
(8, 4, 60000, NULL, FALSE, TRUE, CURRENT_TIMESTAMP, CURRENT_TIMESTAMP),
(9, 1, 0, 15000, TRUE, TRUE, CURRENT_TIMESTAMP, CURRENT_TIMESTAMP),
(10, 2, 15000, 35000, FALSE, TRUE, CURRENT_TIMESTAMP, CURRENT_TIMESTAMP),
(11, 3, 35000, 70000, FALSE, TRUE, CURRENT_TIMESTAMP, CURRENT_TIMESTAMP),
(12, 4, 70000, NULL, FALSE, TRUE, CURRENT_TIMESTAMP, CURRENT_TIMESTAMP),
(1, 1, 0, 7500, TRUE, TRUE, CURRENT_TIMESTAMP, CURRENT_TIMESTAMP),
(2, 2, 7500, 20000, FALSE, TRUE, CURRENT_TIMESTAMP, CURRENT_TIMESTAMP),
(3, 3, 20000, 45000, FALSE, TRUE, CURRENT_TIMESTAMP, CURRENT_TIMESTAMP),
(4, 4, 45000, NULL, FALSE, TRUE, CURRENT_TIMESTAMP, CURRENT_TIMESTAMP),
(5, 1, 0, 10000, TRUE, TRUE, CURRENT_TIMESTAMP, CURRENT_TIMESTAMP),
(6, 2, 10000, 25000, FALSE, TRUE, CURRENT_TIMESTAMP, CURRENT_TIMESTAMP),
(7, 3, 25000, 55000, FALSE, TRUE, CURRENT_TIMESTAMP, CURRENT_TIMESTAMP),
(8, 4, 55000, NULL, FALSE, TRUE, CURRENT_TIMESTAMP, CURRENT_TIMESTAMP),
(9, 1, 0, 6000, TRUE, TRUE, CURRENT_TIMESTAMP, CURRENT_TIMESTAMP),
(10, 2, 6000, 22000, FALSE, TRUE, CURRENT_TIMESTAMP, CURRENT_TIMESTAMP),
(11, 3, 22000, 50000, FALSE, TRUE, CURRENT_TIMESTAMP, CURRENT_TIMESTAMP),
(12, 4, 50000, NULL, FALSE, TRUE, CURRENT_TIMESTAMP, CURRENT_TIMESTAMP),
(1, 1, 0, 9000, TRUE, TRUE, CURRENT_TIMESTAMP, CURRENT_TIMESTAMP),
(2, 2, 9000, 20000, FALSE, TRUE, CURRENT_TIMESTAMP, CURRENT_TIMESTAMP),
(3, 3, 20000, 40000, FALSE, TRUE, CURRENT_TIMESTAMP, CURRENT_TIMESTAMP),
(4, 4, 40000, NULL, FALSE, TRUE, CURRENT_TIMESTAMP, CURRENT_TIMESTAMP),
(5, 1, 0, 12000, TRUE, TRUE, CURRENT_TIMESTAMP, CURRENT_TIMESTAMP),
(6, 2, 12000, 30000, FALSE, TRUE, CURRENT_TIMESTAMP, CURRENT_TIMESTAMP),
(7, 3, 30000, 60000, FALSE, TRUE, CURRENT_TIMESTAMP, CURRENT_TIMESTAMP),
(8, 4, 60000, NULL, FALSE, TRUE, CURRENT_TIMESTAMP, CURRENT_TIMESTAMP),
(9, 1, 0, 7000, TRUE, TRUE, CURRENT_TIMESTAMP, CURRENT_TIMESTAMP),
(10, 2, 7000, 20000, FALSE, TRUE, CURRENT_TIMESTAMP, CURRENT_TIMESTAMP),
(11, 3, 20000, 50000, FALSE, TRUE, CURRENT_TIMESTAMP, CURRENT_TIMESTAMP),
(12, 4, 50000, NULL, FALSE, TRUE, CURRENT_TIMESTAMP, CURRENT_TIMESTAMP),
(1, 1, 0, 8000, TRUE, TRUE, CURRENT_TIMESTAMP, CURRENT_TIMESTAMP),
(2, 2, 8000, 22000, FALSE, TRUE, CURRENT_TIMESTAMP, CURRENT_TIMESTAMP),
(3, 3, 22000, 55000, FALSE, TRUE, CURRENT_TIMESTAMP, CURRENT_TIMESTAMP),
(4, 4, 55000, NULL, FALSE, TRUE, CURRENT_TIMESTAMP, CURRENT_TIMESTAMP),
(5, 1, 0, 15000, TRUE, TRUE, CURRENT_TIMESTAMP, CURRENT_TIMESTAMP),
(6, 2, 15000, 40000, FALSE, TRUE, CURRENT_TIMESTAMP, CURRENT_TIMESTAMP),
(7, 3, 40000, 70000, FALSE, TRUE, CURRENT_TIMESTAMP, CURRENT_TIMESTAMP),
(8, 4, 70000, NULL, FALSE, TRUE, CURRENT_TIMESTAMP, CURRENT_TIMESTAMP),
(9, 1, 0, 9000, TRUE, TRUE, CURRENT_TIMESTAMP, CURRENT_TIMESTAMP),
(10, 2, 9000, 25000, FALSE, TRUE, CURRENT_TIMESTAMP, CURRENT_TIMESTAMP),
(11, 3, 25000, 50000, FALSE, TRUE, CURRENT_TIMESTAMP, CURRENT_TIMESTAMP),
(12, 4, 50000, NULL, FALSE, TRUE, CURRENT_TIMESTAMP, CURRENT_TIMESTAMP),
(1, 1, 0, 10000, TRUE, TRUE, CURRENT_TIMESTAMP, CURRENT_TIMESTAMP),
(2, 2, 10000, 30000, FALSE, TRUE, CURRENT_TIMESTAMP, CURRENT_TIMESTAMP),
(3, 3, 30000, 60000, FALSE, TRUE, CURRENT_TIMESTAMP, CURRENT_TIMESTAMP),
(4, 4, 60000, NULL, FALSE, TRUE, CURRENT_TIMESTAMP, CURRENT_TIMESTAMP),
(5, 1, 0, 7000, TRUE, TRUE, CURRENT_TIMESTAMP, CURRENT_TIMESTAMP),
(6, 2, 7000, 21000, FALSE, TRUE, CURRENT_TIMESTAMP, CURRENT_TIMESTAMP),
(7, 3, 21000, 50000, FALSE, TRUE, CURRENT_TIMESTAMP, CURRENT_TIMESTAMP),
(8, 4, 50000, NULL, FALSE, TRUE, CURRENT_TIMESTAMP, CURRENT_TIMESTAMP),
(9, 1, 0, 8000, TRUE, TRUE, CURRENT_TIMESTAMP, CURRENT_TIMESTAMP),
(10, 2, 8000, 20000, FALSE, TRUE, CURRENT_TIMESTAMP, CURRENT_TIMESTAMP),
(11, 3, 20000, 45000, FALSE, TRUE, CURRENT_TIMESTAMP, CURRENT_TIMESTAMP),
(12, 4, 45000, NULL, FALSE, TRUE, CURRENT_TIMESTAMP, CURRENT_TIMESTAMP),
(1, 1, 0, 15000, TRUE, TRUE, CURRENT_TIMESTAMP, CURRENT_TIMESTAMP),
(2, 2, 15000, 40000, FALSE, TRUE, CURRENT_TIMESTAMP, CURRENT_TIMESTAMP);

INSERT INTO approval_config_business (approval_config_id, group_name, created_at, updated_at)
VALUES
(1, 'GROUP-1', CURRENT_TIMESTAMP, CURRENT_TIMESTAMP),
(2, 'GROUP-1', CURRENT_TIMESTAMP, CURRENT_TIMESTAMP),
(3, 'GROUP-1', CURRENT_TIMESTAMP, CURRENT_TIMESTAMP),
(4, 'GROUP-1', CURRENT_TIMESTAMP, CURRENT_TIMESTAMP),
(5, 'GROUP-1', CURRENT_TIMESTAMP, CURRENT_TIMESTAMP),
(6, 'GROUP-1', CURRENT_TIMESTAMP, CURRENT_TIMESTAMP),
(7, 'GROUP-1', CURRENT_TIMESTAMP, CURRENT_TIMESTAMP),
(8, 'GROUP-2', CURRENT_TIMESTAMP, CURRENT_TIMESTAMP),
(9, 'GROUP-2', CURRENT_TIMESTAMP, CURRENT_TIMESTAMP),
(10, 'GROUP-2', CURRENT_TIMESTAMP, CURRENT_TIMESTAMP),
(11, 'GROUP-2', CURRENT_TIMESTAMP, CURRENT_TIMESTAMP),
(12, 'GROUP-2', CURRENT_TIMESTAMP, CURRENT_TIMESTAMP),
(13, 'GROUP-2', CURRENT_TIMESTAMP, CURRENT_TIMESTAMP),
(14, 'GROUP-2', CURRENT_TIMESTAMP, CURRENT_TIMESTAMP),
(15, 'GROUP-3', CURRENT_TIMESTAMP, CURRENT_TIMESTAMP),
(16, 'GROUP-3', CURRENT_TIMESTAMP, CURRENT_TIMESTAMP),
(17, 'GROUP-3', CURRENT_TIMESTAMP, CURRENT_TIMESTAMP),
(18, 'GROUP-3', CURRENT_TIMESTAMP, CURRENT_TIMESTAMP),
(19, 'GROUP-3', CURRENT_TIMESTAMP, CURRENT_TIMESTAMP),
(20, 'GROUP-3', CURRENT_TIMESTAMP, CURRENT_TIMESTAMP),
(21, 'GROUP-3', CURRENT_TIMESTAMP, CURRENT_TIMESTAMP),
(22, 'GROUP-4', CURRENT_TIMESTAMP, CURRENT_TIMESTAMP),
(23, 'GROUP-4', CURRENT_TIMESTAMP, CURRENT_TIMESTAMP),
(24, 'GROUP-4', CURRENT_TIMESTAMP, CURRENT_TIMESTAMP),
(25, 'GROUP-4', CURRENT_TIMESTAMP, CURRENT_TIMESTAMP),
(26, 'GROUP-4', CURRENT_TIMESTAMP, CURRENT_TIMESTAMP),
(27, 'GROUP-4', CURRENT_TIMESTAMP, CURRENT_TIMESTAMP),
(28, 'GROUP-4', CURRENT_TIMESTAMP, CURRENT_TIMESTAMP),
(29, 'GROUP-5', CURRENT_TIMESTAMP, CURRENT_TIMESTAMP),
(30, 'GROUP-5', CURRENT_TIMESTAMP, CURRENT_TIMESTAMP),
(31, 'GROUP-5', CURRENT_TIMESTAMP, CURRENT_TIMESTAMP),
(32, 'GROUP-5', CURRENT_TIMESTAMP, CURRENT_TIMESTAMP),
(33, 'GROUP-5', CURRENT_TIMESTAMP, CURRENT_TIMESTAMP),
(34, 'GROUP-5', CURRENT_TIMESTAMP, CURRENT_TIMESTAMP),
(35, 'GROUP-5', CURRENT_TIMESTAMP, CURRENT_TIMESTAMP),
(36, 'GROUP-6', CURRENT_TIMESTAMP, CURRENT_TIMESTAMP),
(37, 'GROUP-6', CURRENT_TIMESTAMP, CURRENT_TIMESTAMP),
(38, 'GROUP-6', CURRENT_TIMESTAMP, CURRENT_TIMESTAMP),
(39, 'GROUP-6', CURRENT_TIMESTAMP, CURRENT_TIMESTAMP),
(40, 'GROUP-6', CURRENT_TIMESTAMP, CURRENT_TIMESTAMP),
(41, 'GROUP-6', CURRENT_TIMESTAMP, CURRENT_TIMESTAMP),
(42, 'GROUP-6', CURRENT_TIMESTAMP, CURRENT_TIMESTAMP),
(43, 'GROUP-7', CURRENT_TIMESTAMP, CURRENT_TIMESTAMP),
(44, 'GROUP-7', CURRENT_TIMESTAMP, CURRENT_TIMESTAMP),
(45, 'GROUP-7', CURRENT_TIMESTAMP, CURRENT_TIMESTAMP),
(46, 'GROUP-7', CURRENT_TIMESTAMP, CURRENT_TIMESTAMP),
(47, 'GROUP-7', CURRENT_TIMESTAMP, CURRENT_TIMESTAMP),
(48, 'GROUP-7', CURRENT_TIMESTAMP, CURRENT_TIMESTAMP),
(49, 'GROUP-7', CURRENT_TIMESTAMP, CURRENT_TIMESTAMP),
(50, 'GROUP-8', CURRENT_TIMESTAMP, CURRENT_TIMESTAMP),
(51, 'GROUP-8', CURRENT_TIMESTAMP, CURRENT_TIMESTAMP),
(52, 'GROUP-8', CURRENT_TIMESTAMP, CURRENT_TIMESTAMP),
(53, 'GROUP-8', CURRENT_TIMESTAMP, CURRENT_TIMESTAMP),
(54, 'GROUP-8', CURRENT_TIMESTAMP, CURRENT_TIMESTAMP),
(55, 'GROUP-8', CURRENT_TIMESTAMP, CURRENT_TIMESTAMP),
(56, 'GROUP-8', CURRENT_TIMESTAMP, CURRENT_TIMESTAMP),
(57, 'GROUP-9', CURRENT_TIMESTAMP, CURRENT_TIMESTAMP),
(58, 'GROUP-9', CURRENT_TIMESTAMP, CURRENT_TIMESTAMP),
(59, 'GROUP-9', CURRENT_TIMESTAMP, CURRENT_TIMESTAMP),
(60, 'GROUP-9', CURRENT_TIMESTAMP, CURRENT_TIMESTAMP),
(61, 'GROUP-9', CURRENT_TIMESTAMP, CURRENT_TIMESTAMP),
(62, 'GROUP-9', CURRENT_TIMESTAMP, CURRENT_TIMESTAMP),
(63, 'GROUP-9', CURRENT_TIMESTAMP, CURRENT_TIMESTAMP),
(64, 'GROUP-10', CURRENT_TIMESTAMP, CURRENT_TIMESTAMP),
(65, 'GROUP-10', CURRENT_TIMESTAMP, CURRENT_TIMESTAMP),
(66, 'GROUP-10', CURRENT_TIMESTAMP, CURRENT_TIMESTAMP),
(67, 'GROUP-10', CURRENT_TIMESTAMP, CURRENT_TIMESTAMP),
(68, 'GROUP-10', CURRENT_TIMESTAMP, CURRENT_TIMESTAMP),
(69, 'GROUP-10', CURRENT_TIMESTAMP, CURRENT_TIMESTAMP),
(70, 'GROUP-10', CURRENT_TIMESTAMP, CURRENT_TIMESTAMP);

INSERT INTO approvals (pr_id, approved_by, approval_level, status, comments, is_active, created_at, updated_at)
VALUES
(1, 2, 1, 'APPROVED', 'Initial check done', TRUE, CURRENT_TIMESTAMP, CURRENT_TIMESTAMP),
(2, 3, 2, 'APPROVED', 'Manager approval complete', TRUE, CURRENT_TIMESTAMP, CURRENT_TIMESTAMP),
(3, 4, 3, 'REJECTED', 'Budget exceeded', TRUE, CURRENT_TIMESTAMP, CURRENT_TIMESTAMP),
(4, 5, 1, 'APPROVED', 'Looks fine', TRUE, CURRENT_TIMESTAMP, CURRENT_TIMESTAMP),
(5, 6, 2, 'APPROVED', 'Procurement cleared', TRUE, CURRENT_TIMESTAMP, CURRENT_TIMESTAMP),
(6, 7, 3, 'PENDING', 'Awaiting finance review', TRUE, CURRENT_TIMESTAMP, CURRENT_TIMESTAMP),
(7, 8, 1, 'APPROVED', 'Verified by team lead', TRUE, CURRENT_TIMESTAMP, CURRENT_TIMESTAMP),
(8, 9, 2, 'PENDING', 'Pending senior review', TRUE, CURRENT_TIMESTAMP, CURRENT_TIMESTAMP),
(9, 10, 3, 'APPROVED', 'Final approval granted', TRUE, CURRENT_TIMESTAMP, CURRENT_TIMESTAMP),
(10, 11, 1, 'REJECTED', 'Invalid quotation', TRUE, CURRENT_TIMESTAMP, CURRENT_TIMESTAMP),
(11, 12, 2, 'APPROVED', 'Cleared for purchase', TRUE, CURRENT_TIMESTAMP, CURRENT_TIMESTAMP),
(12, 13, 3, 'APPROVED', 'Finance reviewed', TRUE, CURRENT_TIMESTAMP, CURRENT_TIMESTAMP),
(13, 14, 1, 'APPROVED', 'Meets requirement', TRUE, CURRENT_TIMESTAMP, CURRENT_TIMESTAMP),
(14, 15, 2, 'PENDING', 'Need budget confirmation', TRUE, CURRENT_TIMESTAMP, CURRENT_TIMESTAMP),
(15, 16, 3, 'APPROVED', 'Approved by CFO', TRUE, CURRENT_TIMESTAMP, CURRENT_TIMESTAMP),
(16, 17, 1, 'APPROVED', 'Team approval done', TRUE, CURRENT_TIMESTAMP, CURRENT_TIMESTAMP),
(17, 18, 2, 'APPROVED', 'Cleared technical specs', TRUE, CURRENT_TIMESTAMP, CURRENT_TIMESTAMP),
(18, 19, 3, 'PENDING', 'Need director approval', TRUE, CURRENT_TIMESTAMP, CURRENT_TIMESTAMP),
(19, 20, 1, 'REJECTED', 'Duplicate PR', TRUE, CURRENT_TIMESTAMP, CURRENT_TIMESTAMP),
(20, 21, 2, 'APPROVED', 'Verified by finance', TRUE, CURRENT_TIMESTAMP, CURRENT_TIMESTAMP),
(21, 22, 3, 'APPROVED', 'Final sign-off done', TRUE, CURRENT_TIMESTAMP, CURRENT_TIMESTAMP),
(22, 23, 1, 'APPROVED', 'Good to proceed', TRUE, CURRENT_TIMESTAMP, CURRENT_TIMESTAMP),
(23, 24, 2, 'PENDING', 'Waiting for pricing validation', TRUE, CURRENT_TIMESTAMP, CURRENT_TIMESTAMP),
(24, 25, 3, 'APPROVED', 'All checks complete', TRUE, CURRENT_TIMESTAMP, CURRENT_TIMESTAMP),
(25, 26, 1, 'APPROVED', 'Basic review done', TRUE, CURRENT_TIMESTAMP, CURRENT_TIMESTAMP),
(26, 27, 2, 'REJECTED', 'Insufficient budget', TRUE, CURRENT_TIMESTAMP, CURRENT_TIMESTAMP),
(27, 28, 3, 'APPROVED', 'Approved by finance head', TRUE, CURRENT_TIMESTAMP, CURRENT_TIMESTAMP),
(28, 29, 1, 'APPROVED', 'Meets business need', TRUE, CURRENT_TIMESTAMP, CURRENT_TIMESTAMP),
(29, 30, 2, 'PENDING', 'Waiting on vendor info', TRUE, CURRENT_TIMESTAMP, CURRENT_TIMESTAMP),
(30, 31, 3, 'APPROVED', 'Procurement sign-off', TRUE, CURRENT_TIMESTAMP, CURRENT_TIMESTAMP),
(31, 32, 1, 'APPROVED', 'Verified details', TRUE, CURRENT_TIMESTAMP, CURRENT_TIMESTAMP),
(32, 33, 2, 'APPROVED', 'Approved by admin', TRUE, CURRENT_TIMESTAMP, CURRENT_TIMESTAMP),
(33, 34, 3, 'PENDING', 'Awaiting final signature', TRUE, CURRENT_TIMESTAMP, CURRENT_TIMESTAMP),
(34, 35, 1, 'APPROVED', 'All docs valid', TRUE, CURRENT_TIMESTAMP, CURRENT_TIMESTAMP),
(35, 36, 2, 'REJECTED', 'Incomplete form', TRUE, CURRENT_TIMESTAMP, CURRENT_TIMESTAMP),
(36, 37, 3, 'APPROVED', 'Finance confirmed', TRUE, CURRENT_TIMESTAMP, CURRENT_TIMESTAMP),
(37, 38, 1, 'APPROVED', 'Good to go', TRUE, CURRENT_TIMESTAMP, CURRENT_TIMESTAMP),
(38, 39, 2, 'PENDING', 'Pending senior approval', TRUE, CURRENT_TIMESTAMP, CURRENT_TIMESTAMP),
(39, 40, 3, 'APPROVED', 'Signed off by CFO', TRUE, CURRENT_TIMESTAMP, CURRENT_TIMESTAMP),
(40, 41, 1, 'APPROVED', 'Technical review passed', TRUE, CURRENT_TIMESTAMP, CURRENT_TIMESTAMP),
(41, 42, 2, 'APPROVED', 'Procurement checked', TRUE, CURRENT_TIMESTAMP, CURRENT_TIMESTAMP),
(42, 43, 3, 'PENDING', 'Pending MD review', TRUE, CURRENT_TIMESTAMP, CURRENT_TIMESTAMP),
(43, 44, 1, 'APPROVED', 'Minor corrections accepted', TRUE, CURRENT_TIMESTAMP, CURRENT_TIMESTAMP),
(44, 45, 2, 'APPROVED', 'Cleared for PO', TRUE, CURRENT_TIMESTAMP, CURRENT_TIMESTAMP),
(45, 46, 3, 'APPROVED', 'Finalized', TRUE, CURRENT_TIMESTAMP, CURRENT_TIMESTAMP),
(46, 47, 1, 'PENDING', 'Pending verification', TRUE, CURRENT_TIMESTAMP, CURRENT_TIMESTAMP),
(47, 48, 2, 'REJECTED', 'Wrong quantity', TRUE, CURRENT_TIMESTAMP, CURRENT_TIMESTAMP),
(48, 49, 3, 'APPROVED', 'Final finance OK', TRUE, CURRENT_TIMESTAMP, CURRENT_TIMESTAMP),
(49, 50, 1, 'APPROVED', 'Documents verified', TRUE, CURRENT_TIMESTAMP, CURRENT_TIMESTAMP),
(50, 51, 2, 'APPROVED', 'Finance approval done', TRUE, CURRENT_TIMESTAMP, CURRENT_TIMESTAMP),
(51, 52, 3, 'PENDING', 'Director approval required', TRUE, CURRENT_TIMESTAMP, CURRENT_TIMESTAMP),
(52, 53, 1, 'APPROVED', 'Meets compliance', TRUE, CURRENT_TIMESTAMP, CURRENT_TIMESTAMP),
(53, 54, 2, 'APPROVED', 'Budget approved', TRUE, CURRENT_TIMESTAMP, CURRENT_TIMESTAMP),
(54, 55, 3, 'APPROVED', 'Final sign-off completed', TRUE, CURRENT_TIMESTAMP, CURRENT_TIMESTAMP),
(55, 56, 1, 'REJECTED', 'PR not justified', TRUE, CURRENT_TIMESTAMP, CURRENT_TIMESTAMP),
(56, 57, 2, 'APPROVED', 'Manager accepted', TRUE, CURRENT_TIMESTAMP, CURRENT_TIMESTAMP),
(57, 58, 3, 'APPROVED', 'Finance finalized', TRUE, CURRENT_TIMESTAMP, CURRENT_TIMESTAMP),
(58, 59, 1, 'PENDING', 'Awaiting attachments', TRUE, CURRENT_TIMESTAMP, CURRENT_TIMESTAMP),
(59, 60, 2, 'APPROVED', 'Budget OK', TRUE, CURRENT_TIMESTAMP, CURRENT_TIMESTAMP),
(60, 61, 3, 'APPROVED', 'Final confirmation done', TRUE, CURRENT_TIMESTAMP, CURRENT_TIMESTAMP),
(61, 62, 1, 'APPROVED', 'All looks good', TRUE, CURRENT_TIMESTAMP, CURRENT_TIMESTAMP),
(62, 63, 2, 'REJECTED', 'Duplicate request', TRUE, CURRENT_TIMESTAMP, CURRENT_TIMESTAMP),
(63, 64, 3, 'APPROVED', 'Approved for contract', TRUE, CURRENT_TIMESTAMP, CURRENT_TIMESTAMP),
(64, 65, 1, 'APPROVED', 'Reviewed and approved', TRUE, CURRENT_TIMESTAMP, CURRENT_TIMESTAMP),
(65, 66, 2, 'APPROVED', 'Finance cleared', TRUE, CURRENT_TIMESTAMP, CURRENT_TIMESTAMP),
(66, 67, 3, 'PENDING', 'Waiting final review', TRUE, CURRENT_TIMESTAMP, CURRENT_TIMESTAMP),
(67, 68, 1, 'APPROVED', 'Verified', TRUE, CURRENT_TIMESTAMP, CURRENT_TIMESTAMP),
(68, 69, 2, 'APPROVED', 'Approved by procurement', TRUE, CURRENT_TIMESTAMP, CURRENT_TIMESTAMP),
(69, 70, 3, 'APPROVED', 'Final sign-off done', TRUE, CURRENT_TIMESTAMP, CURRENT_TIMESTAMP),
(70, 71, 1, 'APPROVED', 'Approved by lead', TRUE, CURRENT_TIMESTAMP, CURRENT_TIMESTAMP);

INSERT INTO contracts (
  pr_number, buyer_id, business_id, bp_id, price,
  start_date, end_date, contractslink, is_active, created_at, updated_at
)
VALUES
('PR-0001', 1, 1, 1, 18500.00, '2025-01-10', '2025-12-31', 'https://example.com/contracts/PR-0001.pdf', TRUE, CURRENT_TIMESTAMP, CURRENT_TIMESTAMP),
('PR-0002', 2, 1, 2, 3500.00, '2025-02-01', '2025-12-31', 'https://example.com/contracts/PR-0002.pdf', TRUE, CURRENT_TIMESTAMP, CURRENT_TIMESTAMP),
('PR-0003', 3, 2, 3, 9800.00, '2025-03-15', '2026-03-14', 'https://example.com/contracts/PR-0003.pdf', TRUE, CURRENT_TIMESTAMP, CURRENT_TIMESTAMP),
('PR-0004', 4, 2, 4, 350.00, '2025-04-05', '2026-04-04', 'https://example.com/contracts/PR-0004.pdf', TRUE, CURRENT_TIMESTAMP, CURRENT_TIMESTAMP),
('PR-0005', 5, 3, 5, 980.00, '2025-01-15', '2025-12-31', 'https://example.com/contracts/PR-0005.pdf', TRUE, CURRENT_TIMESTAMP, CURRENT_TIMESTAMP),
('PR-0006', 6, 3, 6, 640.00, '2025-02-20', '2025-11-30', 'https://example.com/contracts/PR-0006.pdf', TRUE, CURRENT_TIMESTAMP, CURRENT_TIMESTAMP),
('PR-0007', 7, 5, 7, 1500.00, '2025-01-01', '2026-01-01', 'https://example.com/contracts/PR-0007.pdf', TRUE, CURRENT_TIMESTAMP, CURRENT_TIMESTAMP),
('PR-0008', 8, 4, 8, 4400.00, '2025-05-01', '2026-04-30', 'https://example.com/contracts/PR-0008.pdf', TRUE, CURRENT_TIMESTAMP, CURRENT_TIMESTAMP),
('PR-0009', 9, 6, 9, 15500.00, '2025-03-01', '2026-02-28', 'https://example.com/contracts/PR-0009.pdf', TRUE, CURRENT_TIMESTAMP, CURRENT_TIMESTAMP),
('PR-0010', 10, 8, 10, 220.00, '2025-06-01', '2026-05-31', 'https://example.com/contracts/PR-0010.pdf', TRUE, CURRENT_TIMESTAMP, CURRENT_TIMESTAMP),
('PR-0011', 11, 2, 11, 2800.00, '2025-02-15', '2025-12-31', 'https://example.com/contracts/PR-0011.pdf', TRUE, CURRENT_TIMESTAMP, CURRENT_TIMESTAMP),
('PR-0012', 12, 3, 12, 460.00, '2025-03-05', '2026-02-28', 'https://example.com/contracts/PR-0012.pdf', TRUE, CURRENT_TIMESTAMP, CURRENT_TIMESTAMP),
('PR-0013', 13, 4, 13, 11900.00, '2025-01-20', '2025-12-31', 'https://example.com/contracts/PR-0013.pdf', TRUE, CURRENT_TIMESTAMP, CURRENT_TIMESTAMP),
('PR-0014', 14, 5, 14, 8600.00, '2025-04-01', '2026-03-31', 'https://example.com/contracts/PR-0014.pdf', TRUE, CURRENT_TIMESTAMP, CURRENT_TIMESTAMP),
('PR-0015', 15, 6, 15, 1240.00, '2025-05-10', '2026-04-30', 'https://example.com/contracts/PR-0015.pdf', TRUE, CURRENT_TIMESTAMP, CURRENT_TIMESTAMP),
('PR-0016', 16, 8, 16, 2200.00, '2025-03-25', '2026-03-24', 'https://example.com/contracts/PR-0016.pdf', TRUE, CURRENT_TIMESTAMP, CURRENT_TIMESTAMP),
('PR-0017', 17, 9, 17, 21500.00, '2025-02-05', '2026-02-04', 'https://example.com/contracts/PR-0017.pdf', TRUE, CURRENT_TIMESTAMP, CURRENT_TIMESTAMP),
('PR-0018', 18, 7, 18, 480.00, '2025-04-15', '2026-04-14', 'https://example.com/contracts/PR-0018.pdf', TRUE, CURRENT_TIMESTAMP, CURRENT_TIMESTAMP),
('PR-0019', 19, 10, 19, 159.00, '2025-05-25', '2026-05-24', 'https://example.com/contracts/PR-0019.pdf', TRUE, CURRENT_TIMESTAMP, CURRENT_TIMESTAMP),
('PR-0020', 20, 3, 20, 330.00, '2025-01-05', '2025-12-31', 'https://example.com/contracts/PR-0020.pdf', TRUE, CURRENT_TIMESTAMP, CURRENT_TIMESTAMP),
('PR-0021', 21, 4, 21, 14500.00, '2025-01-15', '2025-12-31', 'https://example.com/contracts/PR-0021.pdf', TRUE, CURRENT_TIMESTAMP, CURRENT_TIMESTAMP),
('PR-0022', 22, 6, 22, 380.00, '2025-02-10', '2025-12-31', 'https://example.com/contracts/PR-0022.pdf', TRUE, CURRENT_TIMESTAMP, CURRENT_TIMESTAMP),
('PR-0023', 23, 2, 23, 265.00, '2025-03-10', '2026-03-09', 'https://example.com/contracts/PR-0023.pdf', TRUE, CURRENT_TIMESTAMP, CURRENT_TIMESTAMP),
('PR-0024', 24, 8, 24, 9800.00, '2025-02-01', '2026-01-31', 'https://example.com/contracts/PR-0024.pdf', TRUE, CURRENT_TIMESTAMP, CURRENT_TIMESTAMP),
('PR-0025', 25, 5, 25, 1100.00, '2025-03-15', '2026-03-14', 'https://example.com/contracts/PR-0025.pdf', TRUE, CURRENT_TIMESTAMP, CURRENT_TIMESTAMP),
('PR-0026', 26, 3, 26, 1599.00, '2025-04-05', '2026-04-04', 'https://example.com/contracts/PR-0026.pdf', TRUE, CURRENT_TIMESTAMP, CURRENT_TIMESTAMP),
('PR-0027', 27, 2, 27, 700.00, '2025-05-01', '2026-04-30', 'https://example.com/contracts/PR-0027.pdf', TRUE, CURRENT_TIMESTAMP, CURRENT_TIMESTAMP),
('PR-0028', 28, 4, 28, 3500.00, '2025-01-10', '2025-12-31', 'https://example.com/contracts/PR-0028.pdf', TRUE, CURRENT_TIMESTAMP, CURRENT_TIMESTAMP),
('PR-0029', 29, 7, 29, 740.00, '2025-03-01', '2026-02-28', 'https://example.com/contracts/PR-0029.pdf', TRUE, CURRENT_TIMESTAMP, CURRENT_TIMESTAMP),
('PR-0030', 30, 6, 30, 240.00, '2025-02-20', '2026-02-19', 'https://example.com/contracts/PR-0030.pdf', TRUE, CURRENT_TIMESTAMP, CURRENT_TIMESTAMP),
('PR-0031', 31, 1, 31, 18400.00, '2025-01-01', '2025-12-31', 'https://example.com/contracts/PR-0031.pdf', TRUE, CURRENT_TIMESTAMP, CURRENT_TIMESTAMP),
('PR-0032', 32, 2, 32, 3800.00, '2025-01-15', '2025-12-31', 'https://example.com/contracts/PR-0032.pdf', TRUE, CURRENT_TIMESTAMP, CURRENT_TIMESTAMP),
('PR-0033', 33, 3, 33, 9900.00, '2025-02-05', '2026-02-04', 'https://example.com/contracts/PR-0033.pdf', TRUE, CURRENT_TIMESTAMP, CURRENT_TIMESTAMP),
('PR-0034', 34, 4, 34, 390.00, '2025-03-10', '2026-03-09', 'https://example.com/contracts/PR-0034.pdf', TRUE, CURRENT_TIMESTAMP, CURRENT_TIMESTAMP),
('PR-0035', 35, 5, 35, 890.00, '2025-04-01', '2026-03-31', 'https://example.com/contracts/PR-0035.pdf', TRUE, CURRENT_TIMESTAMP, CURRENT_TIMESTAMP),
('PR-0036', 36, 6, 36, 660.00, '2025-01-20', '2025-12-31', 'https://example.com/contracts/PR-0036.pdf', TRUE, CURRENT_TIMESTAMP, CURRENT_TIMESTAMP),
('PR-0037', 37, 8, 37, 2300.00, '2025-03-15', '2026-03-14', 'https://example.com/contracts/PR-0037.pdf', TRUE, CURRENT_TIMESTAMP, CURRENT_TIMESTAMP),
('PR-0038', 38, 9, 38, 22500.00, '2025-02-01', '2026-01-31', 'https://example.com/contracts/PR-0038.pdf', TRUE, CURRENT_TIMESTAMP, CURRENT_TIMESTAMP),
('PR-0039', 39, 10, 39, 590.00, '2025-01-25', '2025-12-31', 'https://example.com/contracts/PR-0039.pdf', TRUE, CURRENT_TIMESTAMP, CURRENT_TIMESTAMP),
('PR-0040', 40, 3, 40, 350.00, '2025-02-15', '2026-02-14', 'https://example.com/contracts/PR-0040.pdf', TRUE, CURRENT_TIMESTAMP, CURRENT_TIMESTAMP),
('PR-0041', 41, 4, 41, 15400.00, '2025-01-10', '2025-12-31', 'https://example.com/contracts/PR-0041.pdf', TRUE, CURRENT_TIMESTAMP, CURRENT_TIMESTAMP),
('PR-0042', 42, 6, 42, 380.00, '2025-02-05', '2025-12-31', 'https://example.com/contracts/PR-0042.pdf', TRUE, CURRENT_TIMESTAMP, CURRENT_TIMESTAMP),
('PR-0043', 43, 2, 43, 265.00, '2025-03-10', '2026-03-09', 'https://example.com/contracts/PR-0043.pdf', TRUE, CURRENT_TIMESTAMP, CURRENT_TIMESTAMP),
('PR-0044', 44, 8, 44, 9800.00, '2025-04-01', '2026-03-31', 'https://example.com/contracts/PR-0044.pdf', TRUE, CURRENT_TIMESTAMP, CURRENT_TIMESTAMP),
('PR-0045', 45, 5, 45, 1100.00, '2025-02-20', '2026-02-19', 'https://example.com/contracts/PR-0045.pdf', TRUE, CURRENT_TIMESTAMP, CURRENT_TIMESTAMP),
('PR-0046', 46, 3, 46, 1599.00, '2025-03-05', '2026-03-04', 'https://example.com/contracts/PR-0046.pdf', TRUE, CURRENT_TIMESTAMP, CURRENT_TIMESTAMP),
('PR-0047', 47, 2, 47, 700.00, '2025-05-01', '2026-04-30', 'https://example.com/contracts/PR-0047.pdf', TRUE, CURRENT_TIMESTAMP, CURRENT_TIMESTAMP),
('PR-0048', 48, 4, 48, 3500.00, '2025-01-10', '2025-12-31', 'https://example.com/contracts/PR-0048.pdf', TRUE, CURRENT_TIMESTAMP, CURRENT_TIMESTAMP),
('PR-0049', 49, 7, 49, 740.00, '2025-03-01', '2026-02-28', 'https://example.com/contracts/PR-0049.pdf', TRUE, CURRENT_TIMESTAMP, CURRENT_TIMESTAMP),
('PR-0050', 50, 6, 50, 240.00, '2025-02-20', '2026-02-19', 'https://example.com/contracts/PR-0050.pdf', TRUE, CURRENT_TIMESTAMP, CURRENT_TIMESTAMP),
('PR-0051', 51, 1, 51, 18400.00, '2025-01-01', '2025-12-31', 'https://example.com/contracts/PR-0051.pdf', TRUE, CURRENT_TIMESTAMP, CURRENT_TIMESTAMP),
('PR-0052', 52, 2, 52, 3800.00, '2025-01-15', '2025-12-31', 'https://example.com/contracts/PR-0052.pdf', TRUE, CURRENT_TIMESTAMP, CURRENT_TIMESTAMP),
('PR-0053', 53, 3, 53, 9900.00, '2025-02-05', '2026-02-04', 'https://example.com/contracts/PR-0053.pdf', TRUE, CURRENT_TIMESTAMP, CURRENT_TIMESTAMP),
('PR-0054', 54, 4, 54, 390.00, '2025-03-10', '2026-03-09', 'https://example.com/contracts/PR-0054.pdf', TRUE, CURRENT_TIMESTAMP, CURRENT_TIMESTAMP),
('PR-0055', 55, 5, 55, 890.00, '2025-04-01', '2026-03-31', 'https://example.com/contracts/PR-0055.pdf', TRUE, CURRENT_TIMESTAMP, CURRENT_TIMESTAMP),
('PR-0056', 56, 6, 56, 660.00, '2025-01-20', '2025-12-31', 'https://example.com/contracts/PR-0056.pdf', TRUE, CURRENT_TIMESTAMP, CURRENT_TIMESTAMP),
('PR-0057', 57, 8, 57, 2300.00, '2025-03-15', '2026-03-14', 'https://example.com/contracts/PR-0057.pdf', TRUE, CURRENT_TIMESTAMP, CURRENT_TIMESTAMP),
('PR-0058', 58, 9, 58, 22500.00, '2025-02-01', '2026-01-31', 'https://example.com/contracts/PR-0058.pdf', TRUE, CURRENT_TIMESTAMP, CURRENT_TIMESTAMP),
('PR-0059', 59, 10, 59, 590.00, '2025-01-25', '2025-12-31', 'https://example.com/contracts/PR-0059.pdf', TRUE, CURRENT_TIMESTAMP, CURRENT_TIMESTAMP),
('PR-0060', 60, 3, 60, 350.00, '2025-02-15', '2026-02-14', 'https://example.com/contracts/PR-0060.pdf', TRUE, CURRENT_TIMESTAMP, CURRENT_TIMESTAMP),
('PR-0061', 61, 4, 61, 15400.00, '2025-01-10', '2025-12-31', 'https://example.com/contracts/PR-0061.pdf', TRUE, CURRENT_TIMESTAMP, CURRENT_TIMESTAMP),
('PR-0062', 62, 6, 62, 380.00, '2025-02-05', '2025-12-31', 'https://example.com/contracts/PR-0062.pdf', TRUE, CURRENT_TIMESTAMP, CURRENT_TIMESTAMP),
('PR-0063', 63, 2, 63, 265.00, '2025-03-10', '2026-03-09', 'https://example.com/contracts/PR-0063.pdf', TRUE, CURRENT_TIMESTAMP, CURRENT_TIMESTAMP),
('PR-0064', 64, 8, 64, 9800.00, '2025-04-01', '2026-03-31', 'https://example.com/contracts/PR-0064.pdf', TRUE, CURRENT_TIMESTAMP, CURRENT_TIMESTAMP),
('PR-0065', 65, 5, 65, 1100.00, '2025-02-20', '2026-02-19', 'https://example.com/contracts/PR-0065.pdf', TRUE, CURRENT_TIMESTAMP, CURRENT_TIMESTAMP),
('PR-0066', 66, 3, 66, 1599.00, '2025-03-05', '2026-03-04', 'https://example.com/contracts/PR-0066.pdf', TRUE, CURRENT_TIMESTAMP, CURRENT_TIMESTAMP),
('PR-0067', 67, 2, 67, 700.00, '2025-05-01', '2026-04-30', 'https://example.com/contracts/PR-0067.pdf', TRUE, CURRENT_TIMESTAMP, CURRENT_TIMESTAMP),
('PR-0068', 68, 4, 68, 3500.00, '2025-01-10', '2025-12-31', 'https://example.com/contracts/PR-0068.pdf', TRUE, CURRENT_TIMESTAMP, CURRENT_TIMESTAMP),
('PR-0069', 69, 7, 69, 740.00, '2025-03-01', '2026-02-28', 'https://example.com/contracts/PR-0069.pdf', TRUE, CURRENT_TIMESTAMP, CURRENT_TIMESTAMP),
('PR-0070', 70, 6, 70, 4950.00, '2025-07-01', '2026-06-30', 'https://example.com/contracts/PR-0070.pdf', TRUE, CURRENT_TIMESTAMP, CURRENT_TIMESTAMP);


INSERT INTO orders (order_number, created_by, total_amount, status, remarks, delivery_address, expected_delivery_date, is_active, created_at, updated_at)
VALUES
('PO-2025-001', 1, 18500.00, 'APPROVED', 'Smartphone order for sales team', 'Mumbai Office, MH', '2025-11-20', TRUE, NOW(), NOW()),
('PO-2025-002', 2, 9200.00, 'PENDING', 'Office chairs procurement', 'Delhi Branch, DL', '2025-11-25', TRUE, NOW(), NOW()),
('PO-2025-003', 3, 15600.00, 'APPROVED', 'New laptops for interns', 'Bangalore HQ', '2025-12-02', TRUE, NOW(), NOW()),
('PO-2025-004', 4, 4900.00, 'PENDING', 'Printer toner purchase', 'Pune Warehouse', '2025-11-28', TRUE, NOW(), NOW()),
('PO-2025-005', 5, 24400.00, 'APPROVED', 'Desktops for engineering', 'Chennai Office', '2025-12-01', TRUE, NOW(), NOW()),
('PO-2025-006', 6, 7400.00, 'REJECTED', 'Stationery bulk order', 'Hyderabad Office', '2025-11-22', TRUE, NOW(), NOW()),
('PO-2025-007', 7, 9800.00, 'APPROVED', 'Server racks', 'Bangalore Data Center', '2025-11-27', TRUE, NOW(), NOW()),
('PO-2025-008', 8, 5200.00, 'PENDING', 'Pantry items refill', 'Kolkata Office', '2025-11-21', TRUE, NOW(), NOW()),
('PO-2025-009', 9, 31000.00, 'APPROVED', 'Networking equipment', 'Delhi HQ', '2025-12-03', TRUE, NOW(), NOW()),
('PO-2025-010', 10, 18500.00, 'PENDING', 'Mobile phones for marketing', 'Mumbai HQ', '2025-11-26', TRUE, NOW(), NOW()),
('PO-2025-011', 1, 1350.00, 'APPROVED', 'HDMI cables & adapters', 'Mumbai Office', '2025-11-19', TRUE, NOW(), NOW()),
('PO-2025-012', 2, 27600.00, 'APPROVED', 'Workstations order', 'Delhi Branch', '2025-11-30', TRUE, NOW(), NOW()),
('PO-2025-013', 3, 6100.00, 'PENDING', 'Office cleaning supplies', 'Bangalore HQ', '2025-11-20', TRUE, NOW(), NOW()),
('PO-2025-014', 4, 3850.00, 'APPROVED', 'Router upgrades', 'Pune Warehouse', '2025-12-05', TRUE, NOW(), NOW()),
('PO-2025-015', 5, 15200.00, 'PENDING', 'Tablet devices', 'Chennai Office', '2025-11-29', TRUE, NOW(), NOW()),
('PO-2025-016', 6, 9750.00, 'APPROVED', 'Monitor screens', 'Hyderabad Branch', '2025-11-25', TRUE, NOW(), NOW()),
('PO-2025-017', 7, 3250.00, 'APPROVED', 'Desk lamps', 'Bangalore HQ', '2025-11-18', TRUE, NOW(), NOW()),
('PO-2025-018', 8, 6400.00, 'REJECTED', 'Sanitizer refills', 'Kolkata Office', '2025-11-19', TRUE, NOW(), NOW()),
('PO-2025-019', 9, 48000.00, 'APPROVED', 'Cloud server upgrade', 'Delhi HQ', '2025-12-10', TRUE, NOW(), NOW()),
('PO-2025-020', 10, 9800.00, 'PENDING', 'Power backup units', 'Mumbai HQ', '2025-11-28', TRUE, NOW(), NOW()),
('PO-2025-021', 11, 5500.00, 'APPROVED', 'Cafeteria supplies', 'Ahmedabad Office', '2025-11-24', TRUE, NOW(), NOW()),
('PO-2025-022', 12, 18900.00, 'PENDING', 'Smartwatches for staff', 'Indore Branch', '2025-11-29', TRUE, NOW(), NOW()),
('PO-2025-023', 1, 26700.00, 'APPROVED', 'Work desks for HR', 'Mumbai Office', '2025-12-03', TRUE, NOW(), NOW()),
('PO-2025-024', 2, 7200.00, 'PENDING', 'Conference phones', 'Delhi Branch', '2025-11-26', TRUE, NOW(), NOW()),
('PO-2025-025', 3, 18500.00, 'APPROVED', 'Printers and ink', 'Bangalore HQ', '2025-12-01', TRUE, NOW(), NOW()),
('PO-2025-026', 4, 5400.00, 'APPROVED', 'USB drives', 'Pune Warehouse', '2025-11-20', TRUE, NOW(), NOW()),
('PO-2025-027', 5, 24500.00, 'APPROVED', 'Laptop replacement', 'Chennai Office', '2025-12-02', TRUE, NOW(), NOW()),
('PO-2025-028', 6, 3700.00, 'PENDING', 'Mouse & keyboards', 'Hyderabad Branch', '2025-11-23', TRUE, NOW(), NOW()),
('PO-2025-029', 7, 19950.00, 'APPROVED', 'Team tablets', 'Bangalore HQ', '2025-12-06', TRUE, NOW(), NOW()),
('PO-2025-030', 8, 4400.00, 'PENDING', 'Cables and connectors', 'Kolkata Office', '2025-11-25', TRUE, NOW(), NOW()),
('PO-2025-031', 9, 14600.00, 'APPROVED', 'Network switches', 'Delhi HQ', '2025-12-07', TRUE, NOW(), NOW()),
('PO-2025-032', 10, 18800.00, 'PENDING', 'Bluetooth headsets', 'Mumbai HQ', '2025-11-29', TRUE, NOW(), NOW()),
('PO-2025-033', 11, 7700.00, 'APPROVED', 'UPS batteries', 'Ahmedabad Office', '2025-12-04', TRUE, NOW(), NOW()),
('PO-2025-034', 12, 4200.00, 'PENDING', 'Extension boards', 'Indore Branch', '2025-11-27', TRUE, NOW(), NOW()),
('PO-2025-035', 1, 35600.00, 'APPROVED', 'IT accessories bulk', 'Mumbai Office', '2025-12-02', TRUE, NOW(), NOW()),
('PO-2025-036', 2, 9400.00, 'PENDING', 'Storage devices', 'Delhi Branch', '2025-11-22', TRUE, NOW(), NOW()),
('PO-2025-037', 3, 27200.00, 'APPROVED', 'Laptop kits', 'Bangalore HQ', '2025-12-05', TRUE, NOW(), NOW()),
('PO-2025-038', 4, 13200.00, 'APPROVED', 'Computer peripherals', 'Pune Warehouse', '2025-11-28', TRUE, NOW(), NOW()),
('PO-2025-039', 5, 19800.00, 'PENDING', 'Team monitors', 'Chennai Office', '2025-12-08', TRUE, NOW(), NOW()),
('PO-2025-040', 6, 3400.00, 'APPROVED', 'Office fans', 'Hyderabad Branch', '2025-11-23', TRUE, NOW(), NOW()),
('PO-2025-041', 7, 25900.00, 'APPROVED', 'Desktop replacement', 'Bangalore HQ', '2025-12-06', TRUE, NOW(), NOW()),
('PO-2025-042', 8, 8100.00, 'PENDING', 'Office whiteboards', 'Kolkata Office', '2025-11-24', TRUE, NOW(), NOW()),
('PO-2025-043', 9, 14700.00, 'APPROVED', 'Data cables', 'Delhi HQ', '2025-12-07', TRUE, NOW(), NOW()),
('PO-2025-044', 10, 9400.00, 'PENDING', 'Conference tables', 'Mumbai HQ', '2025-11-26', TRUE, NOW(), NOW()),
('PO-2025-045', 11, 3600.00, 'APPROVED', 'Storage racks', 'Ahmedabad Office', '2025-11-28', TRUE, NOW(), NOW()),
('PO-2025-046', 12, 22200.00, 'APPROVED', 'Office renovation furniture', 'Indore Branch', '2025-12-05', TRUE, NOW(), NOW()),
('PO-2025-047', 1, 14800.00, 'PENDING', 'External hard drives', 'Mumbai Office', '2025-11-29', TRUE, NOW(), NOW()),
('PO-2025-048', 2, 9300.00, 'APPROVED', 'Web cameras', 'Delhi Branch', '2025-11-30', TRUE, NOW(), NOW()),
('PO-2025-049', 3, 12500.00, 'PENDING', 'Bluetooth speakers', 'Bangalore HQ', '2025-12-01', TRUE, NOW(), NOW()),
('PO-2025-050', 4, 3400.00, 'APPROVED', 'Extension cords', 'Pune Warehouse', '2025-11-25', TRUE, NOW(), NOW()),
('PO-2025-051', 5, 27400.00, 'APPROVED', 'Team laptops', 'Chennai Office', '2025-12-04', TRUE, NOW(), NOW()),
('PO-2025-052', 6, 8700.00, 'PENDING', 'Office clocks', 'Hyderabad Branch', '2025-11-23', TRUE, NOW(), NOW()),
('PO-2025-053', 7, 18900.00, 'APPROVED', 'Employee tablets', 'Bangalore HQ', '2025-12-08', TRUE, NOW(), NOW()),
('PO-2025-054', 8, 6200.00, 'PENDING', 'CCTV accessories', 'Kolkata Office', '2025-11-24', TRUE, NOW(), NOW()),
('PO-2025-055', 9, 24400.00, 'APPROVED', 'Server cooling fans', 'Delhi HQ', '2025-12-03', TRUE, NOW(), NOW()),
('PO-2025-056', 10, 7800.00, 'PENDING', 'Portable projectors', 'Mumbai HQ', '2025-11-29', TRUE, NOW(), NOW()),
('PO-2025-057', 11, 9500.00, 'APPROVED', 'Keyboard and mouse combo', 'Ahmedabad Office', '2025-11-25', TRUE, NOW(), NOW()),
('PO-2025-058', 12, 19500.00, 'APPROVED', 'Smart displays', 'Indore Branch', '2025-12-02', TRUE, NOW(), NOW()),
('PO-2025-059', 1, 3200.00, 'PENDING', 'WiFi routers', 'Mumbai Office', '2025-11-22', TRUE, NOW(), NOW()),
('PO-2025-060', 2, 18400.00, 'APPROVED', 'Headphones', 'Delhi Branch', '2025-12-06', TRUE, NOW(), NOW()),
('PO-2025-061', 3, 5100.00, 'PENDING', 'Label printers', 'Bangalore HQ', '2025-11-23', TRUE, NOW(), NOW()),
('PO-2025-062', 4, 24500.00, 'APPROVED', 'Laser projectors', 'Pune Warehouse', '2025-12-05', TRUE, NOW(), NOW()),
('PO-2025-063', 5, 11500.00, 'PENDING', 'Office sofas', 'Chennai Office', '2025-12-01', TRUE, NOW(), NOW()),
('PO-2025-064', 6, 3900.00, 'APPROVED', 'AC maintenance tools', 'Hyderabad Branch', '2025-11-24', TRUE, NOW(), NOW()),
('PO-2025-065', 7, 22100.00, 'APPROVED', 'New chairs bulk order', 'Bangalore HQ', '2025-12-03', TRUE, NOW(), NOW()),
('PO-2025-066', 8, 6800.00, 'PENDING', 'Stationery set', 'Kolkata Office', '2025-11-21', TRUE, NOW(), NOW()),
('PO-2025-067', 9, 15400.00, 'APPROVED', 'Smart TVs', 'Delhi HQ', '2025-12-09', TRUE, NOW(), NOW()),
('PO-2025-068', 10, 7400.00, 'PENDING', 'Printers & ink packs', 'Mumbai HQ', '2025-11-27', TRUE, NOW(), NOW()),
('PO-2025-069', 11, 9800.00, 'APPROVED', 'Office WiFi upgrades', 'Ahmedabad Office', '2025-12-02', TRUE, NOW(), NOW()),
('PO-2025-070', 12, 4300.00, 'PENDING', 'Stationery for HR', 'Indore Branch', '2025-11-23', TRUE, NOW(), NOW());

INSERT INTO order_items (pr_number, order_id, bp_id, quantity, price, comment, status, created_at, updated_at)
VALUES
('PR-2025-001', 1, 1, 2, 18500.00, 'Smartphone Model A', 'APPROVED', NOW(), NOW()),
('PR-2025-002', 2, 5, 4, 2300.00, 'Office Chairs', 'PENDING', NOW(), NOW()),
('PR-2025-003', 3, 3, 3, 5200.00, 'Laptops', 'APPROVED', NOW(), NOW()),
('PR-2025-004', 4, 12, 2, 2450.00, 'Printer Toner', 'PENDING', NOW(), NOW()),
('PR-2025-005', 5, 8, 4, 6100.00, 'Desktops', 'APPROVED', NOW(), NOW()),
('PR-2025-006', 6, 18, 10, 740.00, 'Stationery', 'REJECTED', NOW(), NOW()),
('PR-2025-007', 7, 9, 5, 1960.00, 'Server racks', 'APPROVED', NOW(), NOW()),
('PR-2025-008', 8, 30, 3, 1733.00, 'Pantry items', 'PENDING', NOW(), NOW()),
('PR-2025-009', 9, 15, 1, 31000.00, 'Networking', 'APPROVED', NOW(), NOW()),
('PR-2025-010', 10, 2, 2, 9250.00, 'Mobiles', 'PENDING', NOW(), NOW()),
('PR-2025-041', 41, 19, 2, 12950.00, 'Desktop replacement', 'APPROVED', NOW(), NOW()),
('PR-2025-042', 42, 22, 3, 2700.00, 'Whiteboards for meeting rooms', 'PENDING', NOW(), NOW()),
('PR-2025-043', 43, 33, 6, 2450.00, 'Data cables pack', 'APPROVED', NOW(), NOW()),
('PR-2025-044', 44, 7, 2, 4700.00, 'Conference tables', 'PENDING', NOW(), NOW()),
('PR-2025-045', 45, 10, 3, 1200.00, 'Storage racks', 'APPROVED', NOW(), NOW()),
('PR-2025-046', 46, 14, 5, 4440.00, 'Renovation furniture', 'APPROVED', NOW(), NOW()),
('PR-2025-047', 47, 25, 4, 3700.00, 'External hard drives', 'PENDING', NOW(), NOW()),
('PR-2025-048', 48, 5, 3, 3100.00, 'Web cameras', 'APPROVED', NOW(), NOW()),
('PR-2025-049', 49, 16, 5, 2500.00, 'Bluetooth speakers', 'PENDING', NOW(), NOW()),
('PR-2025-050', 50, 27, 4, 850.00, 'Extension cords', 'APPROVED', NOW(), NOW()),
('PR-2025-051', 51, 3, 2, 13700.00, 'Laptops for team', 'APPROVED', NOW(), NOW()),
('PR-2025-052', 52, 17, 5, 1740.00, 'Office clocks', 'PENDING', NOW(), NOW()),
('PR-2025-053', 53, 9, 3, 6300.00, 'Employee tablets', 'APPROVED', NOW(), NOW()),
('PR-2025-054', 54, 31, 4, 1550.00, 'CCTV accessories', 'PENDING', NOW(), NOW()),
('PR-2025-055', 55, 8, 2, 12200.00, 'Server cooling fans', 'APPROVED', NOW(), NOW()),
('PR-2025-056', 56, 12, 3, 2600.00, 'Portable projectors', 'PENDING', NOW(), NOW()),
('PR-2025-057', 57, 4, 5, 1900.00, 'Keyboard and mouse combo', 'APPROVED', NOW(), NOW()),
('PR-2025-058', 58, 6, 3, 6500.00, 'Smart displays', 'APPROVED', NOW(), NOW()),
('PR-2025-059', 59, 11, 4, 800.00, 'WiFi routers', 'PENDING', NOW(), NOW()),
('PR-2025-060', 60, 2, 2, 9200.00, 'Headphones', 'APPROVED', NOW(), NOW()),
('PR-2025-061', 61, 18, 3, 1700.00, 'Label printers', 'PENDING', NOW(), NOW()),
('PR-2025-062', 62, 15, 2, 12250.00, 'Laser projectors', 'APPROVED', NOW(), NOW()),
('PR-2025-063', 63, 30, 5, 2300.00, 'Office sofas', 'PENDING', NOW(), NOW()),
('PR-2025-064', 64, 28, 4, 975.00, 'AC maintenance tools', 'APPROVED', NOW(), NOW()),
('PR-2025-065', 65, 1, 5, 4420.00, 'New chairs bulk order', 'APPROVED', NOW(), NOW()),
('PR-2025-066', 66, 24, 3, 2266.00, 'Stationery set', 'PENDING', NOW(), NOW()),
('PR-2025-067', 67, 13, 2, 7700.00, 'Smart TVs for meeting rooms', 'APPROVED', NOW(), NOW()),
('PR-2025-068', 68, 21, 4, 1850.00, 'Printers & ink packs', 'PENDING', NOW(), NOW()),
('PR-2025-069', 69, 26, 3, 3266.00, 'WiFi upgrades', 'APPROVED', NOW(), NOW()),
('PR-2025-070', 70, 32, 5, 860.00, 'Stationery for HR team', 'PENDING', NOW(), NOW());

-- ================================
-- Enable triggers back
-- ================================
-- ALTER TABLE users ENABLE TRIGGER ALL;
-- ALTER TABLE sessions ENABLE TRIGGER ALL;
-- ALTER TABLE contacts ENABLE TRIGGER ALL;
-- ALTER TABLE order_items ENABLE TRIGGER ALL;
-- ALTER TABLE orders ENABLE TRIGGER ALL;
-- ALTER TABLE contracts ENABLE TRIGGER ALL;
-- ALTER TABLE approvals ENABLE TRIGGER ALL;
-- ALTER TABLE approval_config_business ENABLE TRIGGER ALL;
-- ALTER TABLE approval_config ENABLE TRIGGER ALL;
-- ALTER TABLE purchase_request_items ENABLE TRIGGER ALL;
-- ALTER TABLE purchase_requests ENABLE TRIGGER ALL;
-- ALTER TABLE cart_items ENABLE TRIGGER ALL;

-- Commit if all good
COMMIT;

-- Show success message
\echo '✅ Transaction committed successfully.'